InvoiceNo,StockCode,Description,Quantity,InvoiceDate,UnitPrice,CustomerID,Country
583738,POST0004,Product Item 0004,20,2024-07-08 05:04:00,42.27,12860,United Kingdom
588572,POST0015,Product Item 0015,2,2025-01-22 19:27:00,37.03,17390,United Kingdom
587535,POST0006,Product Item 0006,15,2025-03-04 01:50:00,27.79,17226,United Kingdom
582216,POST0054,Product Item 0054,14,2024-10-10 16:53:00,30.13,17191,United Kingdom
587747,POST0049,Product Item 0049,20,2024-08-24 03:51:00,26.15,15772,United Kingdom
581880,POST0030,Product Item 0030,22,2024-07-12 09:54:00,15.93,15092,United Kingdom
584814,POST0056,Product Item 0056,11,2024-10-13 21:36:00,28.9,17734,United Kingdom
584149,POST0038,Product Item 0038,3,2024-05-15 02:52:00,34.9,12466,United Kingdom
581084,POST0051,Product Item 0051,17,2024-06-19 16:12:00,43.85,17334,Germany
586149,POST0057,Product Item 0057,12,2024-06-07 17:10:00,32.35,16426,United Kingdom
588892,POST0002,Product Item 0002,24,2024-07-19 19:38:00,38.41,17578,United Kingdom
585144,POST0015,Product Item 0015,21,2025-05-01 09:05:00,9.26,15444,United Kingdom
588944,POST0011,Product Item 0011,15,2025-07-10 09:07:00,23.88,15171,EIRE
582168,POST0008,Product Item 0008,16,2025-08-05 08:37:00,1.95,14919,United Kingdom
585164,POST0026,Product Item 0026,5,2025-05-18 15:13:00,13.46,12130,United Kingdom
584129,POST0051,Product Item 0051,20,2025-01-05 03:34:00,36.73,13685,United Kingdom
587840,POST0045,Product Item 0045,6,2024-04-12 02:13:00,49.59,12769,Germany
584645,POST0044,Product Item 0044,19,2024-05-04 04:44:00,6.31,14391,United Kingdom
583526,POST0005,Product Item 0005,5,2024-11-08 19:09:00,20.97,17611,United Kingdom
583867,POST0006,Product Item 0006,3,2025-04-02 11:25:00,40.3,14433,United Kingdom
584516,POST0026,Product Item 0026,1,2024-08-17 19:35:00,11.39,17311,United Kingdom
584367,POST0054,Product Item 0054,6,2025-10-19 05:30:00,28.42,17051,United Kingdom
586797,POST0004,Product Item 0004,15,2024-07-15 23:26:00,37.05,13184,France
588338,POST0019,Product Item 0019,2,2025-02-26 18:58:00,31.37,16555,United Kingdom
586694,POST0020,Product Item 0020,3,2025-07-25 14:53:00,10.62,15385,United Kingdom
583194,POST0033,Product Item 0033,17,2025-09-01 21:47:00,18.73,16117,United Kingdom
584555,POST0020,Product Item 0020,24,2024-06-19 14:58:00,39.51,16843,United Kingdom
588473,POST0049,Product Item 0049,12,2025-01-16 18:18:00,28.37,14904,United Kingdom
588840,POST0012,Product Item 0012,18,2024-06-21 19:49:00,1.75,12474,United Kingdom
588820,POST0047,Product Item 0047,15,2025-10-24 20:12:00,38.4,13082,United Kingdom
586965,POST0001,Product Item 0001,12,2025-03-28 01:17:00,3.21,14558,United Kingdom
586111,POST0026,Product Item 0026,16,2024-12-15 15:46:00,37.66,14047,United Kingdom
587752,POST0014,Product Item 0014,8,2025-09-25 11:27:00,11.32,14747,United Kingdom
581445,POST0038,Product Item 0038,14,2025-05-08 00:20:00,47.96,12975,Spain
587364,POST0037,Product Item 0037,17,2025-09-11 09:25:00,19.34,13806,United Kingdom
584626,POST0011,Product Item 0011,21,2024-01-04 20:07:00,17.35,12189,United Kingdom
585016,POST0036,Product Item 0036,8,2024-04-02 20:45:00,8.72,14734,United Kingdom
584875,POST0013,Product Item 0013,15,2024-01-06 13:46:00,16.32,15005,United Kingdom
586497,POST0043,Product Item 0043,14,2024-10-14 22:31:00,44.01,16658,United Kingdom
588787,POST0003,Product Item 0003,18,2025-09-09 02:58:00,49.81,13899,United Kingdom
584337,POST0033,Product Item 0033,20,2024-05-25 18:55:00,19.36,13267,Spain
587238,POST0006,Product Item 0006,7,2025-02-27 18:02:00,23.25,13528,United Kingdom
581261,POST0050,Product Item 0050,3,2025-08-30 22:30:00,36.51,15202,United Kingdom
582848,POST0056,Product Item 0056,12,2025-04-01 15:04:00,44.47,15556,United Kingdom
585992,POST0010,Product Item 0010,21,2024-07-20 11:08:00,30.26,15890,Germany
586190,POST0005,Product Item 0005,24,2024-07-30 03:10:00,20.49,12646,United Kingdom
585025,POST0023,Product Item 0023,3,2024-01-06 20:23:00,21.51,14888,United Kingdom
583266,POST0010,Product Item 0010,20,2025-09-15 22:15:00,35.23,17393,United Kingdom
586652,POST0044,Product Item 0044,14,2025-01-10 11:47:00,1.66,14435,United Kingdom
581091,POST0002,Product Item 0002,15,2025-03-22 17:38:00,31.54,12600,United Kingdom
585222,POST0013,Product Item 0013,14,2024-04-15 06:18:00,18.74,14363,United Kingdom
585175,POST0040,Product Item 0040,7,2025-10-12 06:26:00,40.01,14061,United Kingdom
586943,POST0002,Product Item 0002,17,2025-02-04 03:56:00,6.01,12241,France
584309,POST0020,Product Item 0020,12,2024-04-05 10:15:00,30.02,14041,United Kingdom
581982,POST0001,Product Item 0001,20,2025-01-22 04:42:00,24.82,14824,Netherlands
584443,POST0037,Product Item 0037,4,2025-03-27 00:00:00,32.65,14612,United Kingdom
586011,POST0009,Product Item 0009,9,2025-02-19 07:43:00,4.64,13363,United Kingdom
583533,POST0017,Product Item 0017,6,2025-05-18 20:53:00,29.62,17486,United Kingdom
581693,POST0009,Product Item 0009,16,2025-03-29 16:06:00,28.73,13478,United Kingdom
585120,POST0011,Product Item 0011,22,2024-10-17 02:51:00,28.69,14556,United Kingdom
581155,POST0015,Product Item 0015,22,2025-06-17 18:30:00,30.76,12775,United Kingdom
584588,POST0024,Product Item 0024,21,2024-07-11 19:06:00,34.3,16014,United Kingdom
587775,POST0038,Product Item 0038,21,2024-05-29 14:02:00,40.53,12034,United Kingdom
582812,POST0055,Product Item 0055,2,2025-05-29 22:01:00,14.58,15152,United Kingdom
586649,POST0035,Product Item 0035,24,2025-01-27 11:29:00,41.51,13955,United Kingdom
587062,POST0030,Product Item 0030,8,2024-11-11 09:34:00,25.66,13585,Spain
586829,POST0031,Product Item 0031,11,2024-03-16 02:44:00,5.24,15943,United Kingdom
586176,POST0049,Product Item 0049,13,2025-08-21 06:22:00,4.34,15073,United Kingdom
586724,POST0005,Product Item 0005,17,2024-09-26 03:28:00,17.71,13021,United Kingdom
585114,POST0044,Product Item 0044,8,2024-08-12 23:32:00,39.56,15461,United Kingdom
582407,POST0050,Product Item 0050,21,2025-06-13 03:43:00,35.82,14613,United Kingdom
582216,POST0014,Product Item 0014,18,2024-04-22 00:02:00,39.74,17225,United Kingdom
587380,POST0053,Product Item 0053,18,2024-09-07 06:11:00,26.58,15843,United Kingdom
582410,POST0056,Product Item 0056,14,2024-08-20 10:10:00,22.85,13500,United Kingdom
584497,POST0011,Product Item 0011,15,2024-03-23 01:55:00,8.65,16798,United Kingdom
585372,POST0009,Product Item 0009,6,2024-05-04 21:33:00,17.41,17675,United Kingdom
588394,POST0034,Product Item 0034,11,2024-06-23 07:26:00,22.55,12161,EIRE
585840,POST0012,Product Item 0012,13,2024-03-09 23:11:00,5.8,16297,Germany
581551,POST0035,Product Item 0035,1,2024-02-16 21:16:00,12.2,13981,United Kingdom
584394,POST0035,Product Item 0035,6,2024-09-12 22:20:00,30.51,12995,United Kingdom
582176,POST0001,Product Item 0001,9,2024-01-30 06:54:00,37.17,16911,United Kingdom
585734,POST0040,Product Item 0040,8,2024-10-07 18:38:00,49.91,15342,EIRE
585332,POST0022,Product Item 0022,11,2024-08-24 14:51:00,46.75,16551,United Kingdom
581997,POST0029,Product Item 0029,22,2024-09-04 17:27:00,32.66,15798,United Kingdom
585076,POST0008,Product Item 0008,19,2025-01-02 11:02:00,21.93,13275,Germany
587198,POST0011,Product Item 0011,24,2025-05-09 17:53:00,32.35,13016,United Kingdom
587099,POST0041,Product Item 0041,9,2024-01-25 11:57:00,39.6,12337,United Kingdom
586555,POST0037,Product Item 0037,17,2025-08-08 22:38:00,7.24,12878,United Kingdom
583731,POST0014,Product Item 0014,12,2025-05-04 18:22:00,21.38,13076,United Kingdom
587252,POST0030,Product Item 0030,14,2025-05-08 17:30:00,42.22,16887,United Kingdom
584937,POST0035,Product Item 0035,15,2024-11-09 04:30:00,20.11,15993,Spain
585052,POST0021,Product Item 0021,16,2025-08-28 09:21:00,29.23,16859,Germany
586303,POST0037,Product Item 0037,22,2025-01-09 13:23:00,30.0,12379,United Kingdom
586487,POST0005,Product Item 0005,22,2025-09-30 04:06:00,10.45,12492,United Kingdom
587102,POST0019,Product Item 0019,20,2024-01-25 06:26:00,19.06,17276,United Kingdom
586317,POST0059,Product Item 0059,1,2024-11-29 11:41:00,17.72,14062,EIRE
586490,POST0014,Product Item 0014,10,2024-12-20 09:18:00,2.77,15884,United Kingdom
581372,POST0026,Product Item 0026,8,2024-04-25 16:12:00,2.67,12064,United Kingdom
588116,POST0004,Product Item 0004,18,2024-02-17 23:04:00,41.83,14568,United Kingdom
586616,POST0025,Product Item 0025,1,2024-04-08 16:23:00,14.74,17463,United Kingdom
588766,POST0045,Product Item 0045,2,2025-04-03 05:51:00,26.62,17248,United Kingdom
583248,POST0042,Product Item 0042,1,2025-06-06 21:19:00,15.99,14027,United Kingdom
581848,POST0025,Product Item 0025,1,2025-08-19 20:45:00,47.11,14695,United Kingdom
583556,POST0018,Product Item 0018,9,2025-02-08 12:32:00,14.07,13495,Germany
586441,POST0040,Product Item 0040,13,2024-08-01 13:00:00,22.33,17258,United Kingdom
583322,POST0008,Product Item 0008,1,2025-11-15 17:04:00,43.82,17618,United Kingdom
587354,POST0039,Product Item 0039,13,2025-05-17 09:05:00,42.33,12391,Spain
581503,POST0040,Product Item 0040,20,2025-03-23 01:18:00,10.52,17794,United Kingdom
584189,POST0014,Product Item 0014,22,2025-07-29 20:59:00,40.42,16514,United Kingdom
581702,POST0032,Product Item 0032,7,2024-09-14 05:33:00,23.72,16474,United Kingdom
584625,POST0051,Product Item 0051,2,2024-04-30 14:48:00,24.92,17892,United Kingdom
587185,POST0038,Product Item 0038,6,2024-02-23 22:52:00,7.97,15561,United Kingdom
581314,POST0033,Product Item 0033,7,2024-11-26 18:41:00,5.41,14278,Spain
587931,POST0023,Product Item 0023,14,2024-08-28 18:25:00,36.8,15099,United Kingdom
583376,POST0015,Product Item 0015,18,2025-06-13 08:21:00,25.57,12200,United Kingdom
582040,POST0033,Product Item 0033,15,2025-04-27 12:44:00,22.68,17959,United Kingdom
585378,POST0025,Product Item 0025,2,2024-07-05 15:20:00,36.87,16875,Germany
583990,POST0017,Product Item 0017,10,2025-10-17 09:09:00,38.62,15104,United Kingdom
581257,POST0033,Product Item 0033,23,2024-09-18 00:13:00,9.21,16598,United Kingdom
581574,POST0047,Product Item 0047,12,2024-12-29 06:31:00,31.09,14454,United Kingdom
585669,POST0055,Product Item 0055,17,2025-05-05 22:50:00,8.06,15645,United Kingdom
587755,POST0002,Product Item 0002,8,2025-03-06 05:09:00,37.93,17847,United Kingdom
586138,POST0014,Product Item 0014,11,2024-08-26 06:25:00,33.36,12804,Germany
582552,POST0053,Product Item 0053,3,2024-10-30 20:32:00,47.89,14731,United Kingdom
587980,POST0040,Product Item 0040,6,2024-10-24 23:00:00,4.84,17991,United Kingdom
585518,POST0040,Product Item 0040,9,2024-03-16 16:13:00,4.27,14773,United Kingdom
586585,POST0051,Product Item 0051,6,2025-11-30 18:37:00,15.18,13570,France
586492,POST0039,Product Item 0039,9,2024-11-28 18:36:00,14.19,17056,United Kingdom
581757,POST0051,Product Item 0051,7,2025-10-03 05:39:00,13.48,17581,United Kingdom
583810,POST0006,Product Item 0006,9,2025-04-18 09:56:00,45.44,14690,United Kingdom
582104,POST0006,Product Item 0006,18,2024-10-09 12:36:00,13.6,15840,United Kingdom
586670,POST0003,Product Item 0003,12,2025-08-13 17:25:00,14.69,13028,United Kingdom
588715,POST0007,Product Item 0007,8,2024-03-12 04:50:00,38.32,12502,Germany
587567,POST0051,Product Item 0051,8,2024-09-19 05:05:00,23.31,16493,France
585524,POST0008,Product Item 0008,18,2025-07-28 10:33:00,39.16,12870,United Kingdom
584459,POST0042,Product Item 0042,20,2024-01-12 19:11:00,4.67,16488,United Kingdom
587117,POST0052,Product Item 0052,15,2024-05-20 10:24:00,25.14,12206,United Kingdom
584992,POST0015,Product Item 0015,7,2025-07-08 15:38:00,3.13,17134,United Kingdom
588876,POST0047,Product Item 0047,11,2024-01-17 21:36:00,4.54,17977,United Kingdom
588837,POST0029,Product Item 0029,20,2024-03-03 14:07:00,45.45,13484,United Kingdom
581203,POST0033,Product Item 0033,16,2024-09-09 07:21:00,8.25,12863,United Kingdom
587339,POST0052,Product Item 0052,4,2025-04-09 08:22:00,27.32,14790,United Kingdom
583775,POST0030,Product Item 0030,6,2025-01-10 02:09:00,21.43,12563,United Kingdom
583332,POST0039,Product Item 0039,22,2025-06-03 19:15:00,18.34,17116,United Kingdom
582992,POST0027,Product Item 0027,3,2024-03-30 09:56:00,45.13,16191,United Kingdom
583243,POST0036,Product Item 0036,9,2025-09-21 14:21:00,2.56,13757,United Kingdom
581306,POST0029,Product Item 0029,10,2024-06-23 23:33:00,33.69,13678,United Kingdom
582687,POST0038,Product Item 0038,14,2024-03-16 09:52:00,48.21,15242,United Kingdom
585109,POST0057,Product Item 0057,11,2025-09-04 16:38:00,28.66,16636,United Kingdom
582860,POST0033,Product Item 0033,18,2025-10-24 05:24:00,46.93,13059,United Kingdom
588313,POST0037,Product Item 0037,22,2025-02-03 18:12:00,4.03,17279,United Kingdom
582961,POST0027,Product Item 0027,12,2024-03-11 07:27:00,21.81,13722,United Kingdom
586176,POST0055,Product Item 0055,23,2024-06-28 13:38:00,14.12,15314,United Kingdom
581722,POST0033,Product Item 0033,12,2024-05-03 19:48:00,36.94,15157,EIRE
581779,POST0004,Product Item 0004,13,2025-01-15 11:48:00,49.08,17915,United Kingdom
586329,POST0022,Product Item 0022,13,2024-10-19 04:24:00,13.94,14625,United Kingdom
581528,POST0002,Product Item 0002,19,2024-07-13 10:11:00,33.22,14729,United Kingdom
585893,POST0010,Product Item 0010,19,2024-08-15 22:45:00,11.11,13597,United Kingdom
581343,POST0005,Product Item 0005,23,2025-03-06 13:51:00,28.91,15060,United Kingdom
584786,POST0059,Product Item 0059,14,2025-03-11 21:41:00,24.0,14693,United Kingdom
584682,POST0010,Product Item 0010,4,2025-04-05 11:13:00,48.63,16891,United Kingdom
586398,POST0033,Product Item 0033,13,2025-09-09 02:36:00,31.01,17147,United Kingdom
581208,POST0054,Product Item 0054,8,2024-01-21 04:10:00,18.45,17739,United Kingdom
585736,POST0038,Product Item 0038,23,2024-03-04 14:37:00,7.03,15627,United Kingdom
584406,POST0013,Product Item 0013,21,2024-06-13 08:49:00,8.83,13363,Netherlands
582311,POST0031,Product Item 0031,23,2024-01-27 05:26:00,12.43,13981,United Kingdom
583299,POST0047,Product Item 0047,19,2024-11-06 16:00:00,13.67,17450,United Kingdom
584336,POST0036,Product Item 0036,12,2024-10-11 14:54:00,42.75,13663,United Kingdom
587414,POST0045,Product Item 0045,18,2025-10-21 01:36:00,28.71,13529,Spain
582947,POST0024,Product Item 0024,6,2024-10-07 08:32:00,26.88,14038,United Kingdom
581919,POST0052,Product Item 0052,18,2024-06-12 03:35:00,7.07,17592,United Kingdom
586819,POST0056,Product Item 0056,19,2024-08-11 19:15:00,43.21,15302,United Kingdom
583044,POST0015,Product Item 0015,22,2024-05-25 21:23:00,36.55,14237,United Kingdom
581418,POST0029,Product Item 0029,5,2024-01-30 02:04:00,4.78,17504,United Kingdom
582749,POST0008,Product Item 0008,24,2024-02-14 18:25:00,35.82,17496,United Kingdom
583842,POST0005,Product Item 0005,9,2025-04-15 21:46:00,27.86,13306,United Kingdom
588378,POST0029,Product Item 0029,3,2024-02-03 00:58:00,5.46,16029,United Kingdom
586484,POST0047,Product Item 0047,10,2025-10-14 02:40:00,23.72,14675,United Kingdom
582099,POST0004,Product Item 0004,19,2025-03-02 04:43:00,25.0,17068,United Kingdom
588827,POST0012,Product Item 0012,3,2024-08-08 01:45:00,9.54,17864,United Kingdom
584392,POST0045,Product Item 0045,22,2025-06-17 18:48:00,47.36,13282,United Kingdom
583772,POST0002,Product Item 0002,15,2025-11-22 03:47:00,42.72,12709,United Kingdom
583480,POST0027,Product Item 0027,1,2025-01-01 05:17:00,33.94,17575,Spain
587252,POST0031,Product Item 0031,7,2025-07-03 13:21:00,23.92,17530,United Kingdom
587784,POST0051,Product Item 0051,12,2025-08-04 14:33:00,21.47,16744,United Kingdom
582545,POST0051,Product Item 0051,17,2024-04-25 07:51:00,33.07,16413,United Kingdom
582070,POST0036,Product Item 0036,21,2024-08-26 17:59:00,27.95,15748,Spain
587522,POST0036,Product Item 0036,24,2024-11-30 10:24:00,4.52,17353,United Kingdom
582850,POST0026,Product Item 0026,20,2025-03-16 00:12:00,26.35,16779,United Kingdom
586215,POST0043,Product Item 0043,5,2024-05-27 17:21:00,40.6,12663,United Kingdom
586053,POST0027,Product Item 0027,4,2024-01-09 11:33:00,23.77,13998,United Kingdom
585198,POST0005,Product Item 0005,12,2024-10-14 16:12:00,4.02,15445,United Kingdom
583939,POST0020,Product Item 0020,20,2025-01-22 01:52:00,39.63,15743,United Kingdom
587997,POST0011,Product Item 0011,24,2024-02-19 03:48:00,11.26,17727,United Kingdom
586265,POST0010,Product Item 0010,18,2025-05-31 02:50:00,14.04,13495,Spain
582903,POST0040,Product Item 0040,17,2025-09-29 04:54:00,9.49,15304,United Kingdom
588194,POST0038,Product Item 0038,19,2025-08-09 03:08:00,17.51,15763,United Kingdom
586851,POST0006,Product Item 0006,9,2025-11-07 07:05:00,38.19,17232,United Kingdom
587673,POST0008,Product Item 0008,4,2024-10-04 16:16:00,26.69,13853,United Kingdom
581678,POST0023,Product Item 0023,21,2024-10-26 18:22:00,11.43,17616,United Kingdom
587064,POST0047,Product Item 0047,2,2025-08-11 10:57:00,44.07,16659,United Kingdom
581988,POST0026,Product Item 0026,4,2025-10-10 15:18:00,44.15,13291,United Kingdom
586201,POST0046,Product Item 0046,2,2025-09-09 20:05:00,43.71,15581,Germany
583475,POST0043,Product Item 0043,15,2025-08-29 08:18:00,13.08,15457,EIRE
582607,POST0012,Product Item 0012,2,2024-05-14 12:41:00,23.38,13636,United Kingdom
583869,POST0026,Product Item 0026,4,2025-08-02 14:25:00,49.26,15696,United Kingdom
582502,POST0013,Product Item 0013,6,2024-05-26 13:45:00,38.93,14999,EIRE
582789,POST0040,Product Item 0040,7,2025-05-04 01:10:00,2.82,15152,United Kingdom
586281,POST0018,Product Item 0018,10,2025-04-22 04:07:00,4.66,12698,France
586027,POST0025,Product Item 0025,19,2024-06-07 02:25:00,24.0,14160,United Kingdom
582425,POST0033,Product Item 0033,19,2025-01-18 21:59:00,45.59,16097,United Kingdom
588675,POST0047,Product Item 0047,22,2024-06-11 09:41:00,27.62,16737,United Kingdom
586157,POST0040,Product Item 0040,12,2025-03-16 07:49:00,25.64,17685,United Kingdom
587074,POST0043,Product Item 0043,3,2024-07-07 03:12:00,6.61,12854,United Kingdom
587654,POST0012,Product Item 0012,13,2025-02-18 18:11:00,33.35,17855,United Kingdom
583440,POST0044,Product Item 0044,18,2024-12-04 08:13:00,41.36,15474,United Kingdom
583042,POST0036,Product Item 0036,8,2025-08-29 00:51:00,19.95,17757,United Kingdom
587856,POST0048,Product Item 0048,21,2024-06-29 14:41:00,39.11,17249,United Kingdom
587637,POST0004,Product Item 0004,15,2024-10-14 06:02:00,48.27,17172,Spain
588367,POST0005,Product Item 0005,1,2024-07-05 15:16:00,11.38,13707,United Kingdom
582278,POST0056,Product Item 0056,3,2024-05-17 07:53:00,26.88,14777,Germany
586298,POST0037,Product Item 0037,8,2024-05-09 08:40:00,15.42,17791,United Kingdom
583594,POST0008,Product Item 0008,4,2024-07-12 22:01:00,39.95,13733,United Kingdom
585689,POST0042,Product Item 0042,16,2024-11-11 11:30:00,29.51,17535,Spain
583436,POST0049,Product Item 0049,23,2024-05-23 20:21:00,32.27,16931,United Kingdom
586517,POST0028,Product Item 0028,10,2024-01-16 19:11:00,40.19,15510,United Kingdom
584803,POST0031,Product Item 0031,12,2024-10-28 08:51:00,20.7,12202,United Kingdom
583205,POST0058,Product Item 0058,14,2025-02-26 23:54:00,45.87,15255,United Kingdom
582027,POST0009,Product Item 0009,14,2024-09-01 13:59:00,27.35,16218,United Kingdom
587310,POST0054,Product Item 0054,2,2024-04-16 18:08:00,9.16,16496,France
584539,POST0051,Product Item 0051,23,2024-03-28 04:00:00,35.24,12766,United Kingdom
586055,POST0029,Product Item 0029,5,2024-05-08 23:12:00,39.97,16389,United Kingdom
587552,POST0014,Product Item 0014,5,2024-12-06 08:55:00,16.86,14327,United Kingdom
584483,POST0040,Product Item 0040,6,2024-01-04 23:27:00,43.06,14931,United Kingdom
588371,POST0041,Product Item 0041,13,2024-11-22 01:22:00,45.44,12197,United Kingdom
583241,POST0022,Product Item 0022,9,2025-02-13 16:21:00,14.93,13930,United Kingdom
587378,POST0011,Product Item 0011,22,2024-11-01 15:50:00,49.19,15582,United Kingdom
583765,POST0023,Product Item 0023,15,2025-08-29 10:10:00,8.32,12608,United Kingdom
582173,POST0001,Product Item 0001,14,2024-08-12 09:33:00,11.3,15272,United Kingdom
584230,POST0046,Product Item 0046,24,2024-12-13 04:45:00,10.43,13147,United Kingdom
584350,POST0037,Product Item 0037,7,2024-11-16 16:28:00,44.85,16282,United Kingdom
585911,POST0021,Product Item 0021,20,2025-07-12 07:38:00,33.23,15397,United Kingdom
581403,POST0026,Product Item 0026,2,2024-06-29 20:35:00,8.88,14511,France
585988,POST0046,Product Item 0046,7,2025-09-09 02:05:00,22.85,13794,United Kingdom
583725,POST0036,Product Item 0036,6,2025-01-20 23:56:00,31.34,12659,United Kingdom
584382,POST0054,Product Item 0054,17,2025-09-09 07:04:00,5.55,14811,United Kingdom
585163,POST0023,Product Item 0023,2,2024-04-17 09:13:00,44.29,13369,United Kingdom
588630,POST0057,Product Item 0057,3,2025-06-14 10:09:00,40.47,13986,United Kingdom
581087,POST0001,Product Item 0001,5,2025-02-13 19:41:00,26.0,17630,United Kingdom
587360,POST0054,Product Item 0054,5,2024-10-22 01:51:00,48.4,12146,United Kingdom
587144,POST0055,Product Item 0055,1,2024-06-19 06:41:00,21.76,15219,United Kingdom
582158,POST0051,Product Item 0051,8,2024-11-26 02:01:00,49.22,14911,United Kingdom
586816,POST0040,Product Item 0040,12,2025-05-07 04:32:00,33.89,13734,United Kingdom
586470,POST0015,Product Item 0015,24,2024-07-13 21:57:00,32.28,13843,United Kingdom
587283,POST0021,Product Item 0021,4,2024-01-12 06:37:00,9.55,12488,United Kingdom
587761,POST0047,Product Item 0047,13,2024-07-13 07:50:00,44.26,14976,Spain
587276,POST0009,Product Item 0009,23,2025-05-04 16:24:00,22.23,13959,Germany
586739,POST0053,Product Item 0053,15,2024-06-30 20:30:00,9.37,17759,United Kingdom
585273,POST0009,Product Item 0009,11,2025-10-17 18:53:00,2.11,14385,Germany
583857,POST0010,Product Item 0010,10,2024-11-11 21:41:00,28.64,14919,EIRE
582381,POST0052,Product Item 0052,3,2025-11-24 09:28:00,27.07,16736,United Kingdom
587523,POST0057,Product Item 0057,22,2024-01-30 18:57:00,36.38,13802,United Kingdom
586003,POST0053,Product Item 0053,14,2025-08-18 14:56:00,44.67,17534,United Kingdom
587801,POST0026,Product Item 0026,16,2025-11-08 13:39:00,5.35,16061,United Kingdom
587593,POST0041,Product Item 0041,10,2024-04-05 14:12:00,36.97,15369,United Kingdom
585681,POST0035,Product Item 0035,10,2025-01-15 11:49:00,10.59,17730,United Kingdom
587606,POST0052,Product Item 0052,12,2025-03-19 05:20:00,43.11,12262,United Kingdom
586085,POST0025,Product Item 0025,9,2024-10-24 02:58:00,41.22,17883,United Kingdom
586227,POST0026,Product Item 0026,1,2024-12-26 14:56:00,27.72,12623,EIRE
587265,POST0011,Product Item 0011,5,2025-01-08 03:38:00,35.94,13016,United Kingdom
583064,POST0038,Product Item 0038,20,2025-07-07 13:08:00,16.74,15643,United Kingdom
586315,POST0002,Product Item 0002,8,2024-10-29 08:11:00,24.35,16976,United Kingdom
583374,POST0007,Product Item 0007,11,2025-02-24 01:00:00,41.34,14049,United Kingdom
581317,POST0018,Product Item 0018,12,2024-09-02 17:57:00,23.77,17423,France
587952,POST0027,Product Item 0027,1,2024-08-24 08:57:00,18.85,15723,United Kingdom
582502,POST0034,Product Item 0034,22,2025-06-17 14:07:00,25.46,16548,United Kingdom
587130,POST0027,Product Item 0027,20,2024-07-03 16:27:00,41.66,15108,United Kingdom
588419,POST0017,Product Item 0017,11,2025-04-12 01:04:00,17.75,17279,United Kingdom
583042,POST0043,Product Item 0043,5,2024-12-28 09:45:00,9.93,16090,United Kingdom
585598,POST0059,Product Item 0059,15,2024-10-09 02:50:00,36.03,14056,United Kingdom
583022,POST0044,Product Item 0044,5,2025-07-06 21:36:00,41.55,15170,United Kingdom
581118,POST0059,Product Item 0059,12,2024-12-01 08:54:00,6.38,13682,United Kingdom
588841,POST0051,Product Item 0051,5,2024-06-10 23:34:00,13.13,14255,United Kingdom
581709,POST0054,Product Item 0054,17,2024-06-08 11:32:00,8.38,13154,EIRE
588665,POST0024,Product Item 0024,17,2025-04-18 22:30:00,18.37,16499,United Kingdom
584557,POST0025,Product Item 0025,24,2025-08-23 01:47:00,23.34,15191,Germany
585140,POST0007,Product Item 0007,12,2024-11-17 19:45:00,37.81,13696,United Kingdom
585409,POST0052,Product Item 0052,24,2024-01-12 13:33:00,33.07,15991,United Kingdom
584250,POST0006,Product Item 0006,15,2025-02-27 16:44:00,31.61,16723,United Kingdom
581417,POST0053,Product Item 0053,15,2024-03-13 07:31:00,18.59,16682,United Kingdom
583603,POST0024,Product Item 0024,6,2025-08-10 20:29:00,42.3,13648,United Kingdom
584854,POST0033,Product Item 0033,12,2024-07-19 09:49:00,24.35,17539,United Kingdom
582101,POST0049,Product Item 0049,20,2025-06-05 17:19:00,48.98,13445,United Kingdom
585421,POST0029,Product Item 0029,18,2025-05-19 05:26:00,32.25,16199,EIRE
588857,POST0043,Product Item 0043,14,2025-11-18 10:07:00,7.62,15923,United Kingdom
584428,POST0022,Product Item 0022,2,2024-02-08 10:58:00,34.29,12253,United Kingdom
586535,POST0026,Product Item 0026,9,2024-02-29 00:01:00,17.26,15183,United Kingdom
587082,POST0028,Product Item 0028,5,2025-07-31 17:13:00,34.78,14557,United Kingdom
587658,POST0050,Product Item 0050,20,2024-11-16 07:13:00,4.88,17592,United Kingdom
583261,POST0021,Product Item 0021,1,2025-03-10 02:04:00,9.98,12098,United Kingdom
585169,POST0049,Product Item 0049,23,2025-09-27 18:24:00,42.99,14200,United Kingdom
584634,POST0007,Product Item 0007,3,2025-11-06 08:04:00,12.52,17980,United Kingdom
586698,POST0017,Product Item 0017,6,2025-02-11 10:51:00,42.09,14961,United Kingdom
581508,POST0020,Product Item 0020,5,2025-01-20 19:33:00,15.04,16973,United Kingdom
583379,POST0041,Product Item 0041,21,2025-11-01 13:19:00,32.67,16433,France
584164,POST0049,Product Item 0049,5,2025-07-22 14:32:00,35.16,15777,United Kingdom
581687,POST0020,Product Item 0020,1,2024-03-18 22:43:00,26.36,14869,United Kingdom
585752,POST0054,Product Item 0054,17,2024-07-12 02:08:00,16.3,15234,United Kingdom
586638,POST0022,Product Item 0022,19,2024-10-11 07:17:00,11.81,15791,United Kingdom
582292,POST0028,Product Item 0028,14,2025-06-10 12:30:00,3.11,12956,United Kingdom
586495,POST0040,Product Item 0040,12,2025-06-07 08:20:00,16.24,17800,United Kingdom
584905,POST0049,Product Item 0049,10,2025-09-04 18:01:00,33.17,16067,United Kingdom
584075,POST0007,Product Item 0007,20,2024-06-04 20:21:00,47.0,12160,United Kingdom
584209,POST0001,Product Item 0001,21,2024-12-05 03:30:00,43.74,17699,United Kingdom
588398,POST0032,Product Item 0032,18,2024-05-04 15:01:00,38.65,16493,United Kingdom
587743,POST0013,Product Item 0013,24,2024-10-06 00:44:00,39.73,13300,Germany
586648,POST0030,Product Item 0030,11,2025-09-13 18:40:00,33.75,16911,United Kingdom
586171,POST0023,Product Item 0023,2,2025-10-19 21:42:00,14.12,15987,United Kingdom
588813,POST0051,Product Item 0051,18,2025-11-04 08:54:00,45.49,13527,France
588890,POST0059,Product Item 0059,7,2024-05-07 23:53:00,34.02,17511,Spain
581324,POST0056,Product Item 0056,24,2024-11-09 07:40:00,28.68,17254,United Kingdom
586087,POST0019,Product Item 0019,15,2024-11-27 06:30:00,6.88,13218,United Kingdom
582993,POST0032,Product Item 0032,11,2024-05-29 17:47:00,23.18,16496,United Kingdom
584976,POST0030,Product Item 0030,18,2025-03-29 00:26:00,23.82,16735,EIRE
588898,POST0029,Product Item 0029,23,2024-02-05 13:13:00,43.42,15104,France
585812,POST0049,Product Item 0049,12,2025-11-15 18:40:00,28.01,14735,United Kingdom
583770,POST0045,Product Item 0045,6,2025-02-23 16:14:00,19.95,16555,United Kingdom
585372,POST0029,Product Item 0029,20,2024-01-22 09:07:00,48.87,12954,United Kingdom
583583,POST0030,Product Item 0030,23,2024-07-24 10:20:00,6.87,16565,United Kingdom
584557,POST0016,Product Item 0016,13,2025-09-30 09:26:00,21.99,15446,United Kingdom
584587,POST0040,Product Item 0040,20,2024-12-21 11:43:00,3.54,13045,Germany
581151,POST0019,Product Item 0019,16,2025-03-15 20:42:00,37.38,13693,United Kingdom
581954,POST0018,Product Item 0018,18,2024-04-05 03:04:00,46.02,15436,Germany
586602,POST0001,Product Item 0001,10,2024-06-12 18:12:00,15.08,12562,Germany
585354,POST0014,Product Item 0014,23,2024-05-27 19:13:00,43.12,14485,United Kingdom
583371,POST0051,Product Item 0051,8,2025-06-13 14:07:00,15.67,17895,United Kingdom
588160,POST0047,Product Item 0047,18,2024-10-20 09:58:00,45.66,15354,United Kingdom
585964,POST0050,Product Item 0050,21,2024-07-13 13:25:00,38.06,12225,United Kingdom
582191,POST0002,Product Item 0002,1,2025-10-24 22:37:00,40.53,16893,United Kingdom
581687,POST0054,Product Item 0054,23,2025-04-24 19:37:00,2.37,12959,United Kingdom
581309,POST0028,Product Item 0028,8,2024-05-02 01:18:00,48.19,17600,United Kingdom
587946,POST0049,Product Item 0049,6,2025-02-03 09:38:00,36.74,16548,United Kingdom
582502,POST0050,Product Item 0050,5,2025-11-29 06:52:00,16.28,15067,United Kingdom
584127,POST0030,Product Item 0030,15,2025-03-27 09:05:00,41.72,12815,United Kingdom
587763,POST0038,Product Item 0038,22,2025-10-22 02:48:00,15.15,16754,United Kingdom
585568,POST0051,Product Item 0051,15,2024-04-13 11:20:00,43.82,16642,United Kingdom
584367,POST0004,Product Item 0004,2,2025-04-06 09:42:00,6.96,17311,United Kingdom
587604,POST0001,Product Item 0001,1,2025-01-30 08:34:00,35.62,15120,United Kingdom
584395,POST0008,Product Item 0008,23,2024-12-02 22:17:00,27.72,12016,United Kingdom
581813,POST0029,Product Item 0029,23,2025-08-21 00:31:00,6.18,13243,United Kingdom
581845,POST0055,Product Item 0055,11,2024-05-21 04:46:00,13.23,14205,United Kingdom
582164,POST0039,Product Item 0039,10,2024-11-12 09:53:00,2.1,14524,United Kingdom
585762,POST0003,Product Item 0003,18,2025-07-11 17:46:00,24.23,13069,France
587405,POST0032,Product Item 0032,18,2025-06-10 10:16:00,16.11,15444,United Kingdom
586904,POST0010,Product Item 0010,17,2025-07-09 17:04:00,30.51,14565,United Kingdom
586539,POST0010,Product Item 0010,8,2025-02-04 04:29:00,15.91,17864,United Kingdom
582767,POST0019,Product Item 0019,15,2025-11-11 20:03:00,16.04,13060,United Kingdom
586360,POST0046,Product Item 0046,8,2024-11-05 08:37:00,37.54,14327,United Kingdom
581354,POST0034,Product Item 0034,17,2025-05-09 18:46:00,3.83,15420,United Kingdom
582872,POST0033,Product Item 0033,12,2025-07-09 17:13:00,45.28,12301,United Kingdom
583024,POST0023,Product Item 0023,8,2025-09-01 09:42:00,42.83,16276,United Kingdom
583817,POST0055,Product Item 0055,14,2024-04-18 18:33:00,33.88,12606,United Kingdom
584832,POST0028,Product Item 0028,4,2025-01-06 03:45:00,30.27,15170,United Kingdom
588756,POST0032,Product Item 0032,1,2025-09-07 11:09:00,44.77,12699,United Kingdom
585275,POST0050,Product Item 0050,1,2024-07-24 15:16:00,10.49,17088,Spain
581065,POST0007,Product Item 0007,19,2024-02-12 02:05:00,5.33,13139,United Kingdom
585915,POST0029,Product Item 0029,16,2024-09-01 15:55:00,13.11,12190,United Kingdom
586467,POST0008,Product Item 0008,14,2024-10-13 20:32:00,40.03,14300,United Kingdom
585266,POST0001,Product Item 0001,21,2024-12-20 18:40:00,3.18,12980,United Kingdom
585090,POST0057,Product Item 0057,16,2025-04-20 01:13:00,29.76,14975,United Kingdom
583521,POST0055,Product Item 0055,5,2024-03-23 20:14:00,49.77,13184,United Kingdom
583581,POST0003,Product Item 0003,9,2024-04-19 00:55:00,42.99,15327,United Kingdom
582390,POST0024,Product Item 0024,2,2024-07-08 11:59:00,26.78,15394,United Kingdom
582130,POST0023,Product Item 0023,18,2024-09-07 09:12:00,4.59,12127,United Kingdom
583486,POST0059,Product Item 0059,6,2024-10-17 00:31:00,41.81,14065,United Kingdom
581834,POST0008,Product Item 0008,9,2025-10-06 09:33:00,30.54,13816,France
581226,POST0054,Product Item 0054,1,2024-07-19 11:06:00,7.07,17854,United Kingdom
584515,POST0057,Product Item 0057,9,2024-11-21 04:43:00,6.05,12569,United Kingdom
585537,POST0047,Product Item 0047,16,2025-05-25 03:06:00,45.61,17442,United Kingdom
583443,POST0037,Product Item 0037,13,2025-02-12 08:17:00,33.95,13895,United Kingdom
581727,POST0003,Product Item 0003,9,2025-08-29 02:09:00,41.71,14733,United Kingdom
586700,POST0051,Product Item 0051,21,2025-05-22 10:38:00,44.12,15863,United Kingdom
587227,POST0033,Product Item 0033,13,2025-08-23 21:55:00,29.23,16721,United Kingdom
584686,POST0028,Product Item 0028,9,2024-03-12 01:53:00,26.59,16014,United Kingdom
584622,POST0047,Product Item 0047,11,2024-09-03 20:22:00,22.37,14901,United Kingdom
582036,POST0008,Product Item 0008,4,2025-10-02 00:12:00,16.87,13686,United Kingdom
582832,POST0034,Product Item 0034,2,2025-08-30 21:34:00,22.57,15009,France
586944,POST0035,Product Item 0035,6,2025-08-09 20:38:00,39.03,12154,United Kingdom
583740,POST0032,Product Item 0032,14,2025-07-19 07:23:00,30.69,14537,United Kingdom
581492,POST0024,Product Item 0024,4,2024-12-09 07:26:00,44.78,13409,United Kingdom
588435,POST0014,Product Item 0014,6,2024-02-23 16:25:00,23.0,16057,United Kingdom
582548,POST0032,Product Item 0032,19,2025-06-11 16:32:00,30.94,12784,United Kingdom
582143,POST0056,Product Item 0056,6,2025-09-02 11:54:00,32.11,15175,United Kingdom
586065,POST0046,Product Item 0046,2,2025-06-15 01:13:00,30.19,16341,United Kingdom
587496,POST0043,Product Item 0043,18,2025-07-11 08:56:00,35.57,17596,United Kingdom
588224,POST0016,Product Item 0016,13,2024-07-11 01:40:00,13.01,17801,United Kingdom
587183,POST0004,Product Item 0004,9,2024-02-27 02:55:00,26.34,14806,United Kingdom
584957,POST0052,Product Item 0052,23,2025-03-12 07:06:00,6.55,12537,United Kingdom
584407,POST0037,Product Item 0037,19,2024-04-20 19:00:00,20.14,17986,United Kingdom
581639,POST0054,Product Item 0054,13,2024-05-08 19:49:00,25.15,13841,United Kingdom
581172,POST0021,Product Item 0021,11,2024-11-21 00:40:00,33.13,17016,United Kingdom
586666,POST0014,Product Item 0014,1,2024-01-08 07:08:00,47.59,14455,Germany
585354,POST0031,Product Item 0031,24,2024-01-29 05:43:00,30.63,12524,Germany
584959,POST0055,Product Item 0055,22,2024-04-21 06:05:00,37.56,17625,Germany
581516,POST0048,Product Item 0048,7,2025-11-03 19:03:00,26.05,14950,United Kingdom
587873,POST0018,Product Item 0018,21,2024-05-10 10:08:00,32.25,16131,United Kingdom
581522,POST0007,Product Item 0007,15,2024-07-06 10:56:00,4.94,16780,United Kingdom
582917,POST0010,Product Item 0010,1,2025-11-05 12:07:00,13.84,16115,United Kingdom
583886,POST0007,Product Item 0007,12,2025-04-19 03:48:00,19.05,14368,United Kingdom
583164,POST0033,Product Item 0033,7,2024-12-29 13:44:00,24.41,15847,Germany
587327,POST0023,Product Item 0023,15,2024-07-22 19:13:00,3.71,16495,France
582929,POST0021,Product Item 0021,21,2024-07-30 22:55:00,8.29,14701,United Kingdom
584945,POST0019,Product Item 0019,19,2025-09-12 14:48:00,14.92,12971,United Kingdom
586235,POST0048,Product Item 0048,1,2024-10-02 22:21:00,48.61,13166,United Kingdom
583209,POST0019,Product Item 0019,17,2024-03-13 16:23:00,17.57,17211,United Kingdom
588746,POST0036,Product Item 0036,17,2025-11-09 13:55:00,24.87,16929,France
584783,POST0029,Product Item 0029,3,2024-08-30 22:40:00,11.01,17919,United Kingdom
583590,POST0018,Product Item 0018,12,2024-04-11 21:36:00,31.12,14774,United Kingdom
588754,POST0002,Product Item 0002,6,2025-11-15 01:56:00,15.11,13982,France
588404,POST0001,Product Item 0001,11,2024-06-19 13:37:00,11.54,12853,United Kingdom
585934,POST0047,Product Item 0047,3,2025-10-14 06:07:00,26.55,16146,United Kingdom
585076,POST0005,Product Item 0005,8,2024-07-06 18:37:00,1.77,15736,Spain
586185,POST0020,Product Item 0020,14,2025-03-16 02:47:00,1.87,15769,United Kingdom
582093,POST0011,Product Item 0011,14,2024-03-26 15:53:00,12.12,12574,United Kingdom
584880,POST0042,Product Item 0042,10,2025-04-20 22:44:00,3.28,15261,United Kingdom
583494,POST0002,Product Item 0002,2,2024-02-21 11:00:00,6.74,13148,United Kingdom
587559,POST0003,Product Item 0003,14,2024-04-20 11:34:00,17.93,13715,United Kingdom
583579,POST0023,Product Item 0023,9,2024-02-12 15:24:00,40.42,16777,United Kingdom
583488,POST0055,Product Item 0055,3,2024-07-29 02:31:00,29.24,16933,Netherlands
583785,POST0012,Product Item 0012,21,2024-07-18 09:45:00,26.36,15854,United Kingdom
587065,POST0020,Product Item 0020,8,2025-09-18 15:12:00,15.73,17173,United Kingdom
587607,POST0005,Product Item 0005,16,2024-01-26 04:33:00,46.68,14491,United Kingdom
587539,POST0037,Product Item 0037,2,2024-10-25 08:15:00,20.75,14660,United Kingdom
583758,POST0038,Product Item 0038,6,2024-03-17 01:40:00,5.72,15124,United Kingdom
582574,POST0030,Product Item 0030,21,2024-05-16 09:16:00,31.42,17691,United Kingdom
588824,POST0009,Product Item 0009,12,2024-01-20 18:25:00,7.02,15051,United Kingdom
586676,POST0034,Product Item 0034,5,2025-03-15 01:12:00,18.24,12004,United Kingdom
587538,POST0053,Product Item 0053,2,2024-07-29 17:17:00,26.1,17222,United Kingdom
583373,POST0044,Product Item 0044,16,2025-07-04 02:36:00,43.89,17315,United Kingdom
584990,POST0035,Product Item 0035,5,2025-03-10 12:14:00,25.43,16869,United Kingdom
586210,POST0052,Product Item 0052,15,2024-07-25 02:11:00,35.55,12876,United Kingdom
585845,POST0058,Product Item 0058,12,2025-03-14 22:41:00,49.64,12991,United Kingdom
582093,POST0022,Product Item 0022,4,2025-10-27 16:58:00,7.88,16142,United Kingdom
582189,POST0044,Product Item 0044,15,2024-02-11 23:47:00,14.82,16364,United Kingdom
583689,POST0024,Product Item 0024,11,2025-02-14 23:19:00,20.63,16465,United Kingdom
585095,POST0017,Product Item 0017,16,2025-06-06 09:18:00,21.95,12635,United Kingdom
587357,POST0010,Product Item 0010,23,2025-09-01 01:46:00,21.43,17225,United Kingdom
582875,POST0030,Product Item 0030,6,2025-03-02 04:24:00,45.51,13693,United Kingdom
588768,POST0056,Product Item 0056,14,2024-10-01 20:28:00,36.12,13682,United Kingdom
584406,POST0059,Product Item 0059,18,2025-03-23 18:22:00,30.98,16752,United Kingdom
582787,POST0046,Product Item 0046,12,2025-01-03 02:34:00,16.5,12119,United Kingdom
587512,POST0023,Product Item 0023,11,2024-08-07 16:27:00,41.45,12830,United Kingdom
584932,POST0032,Product Item 0032,13,2025-07-30 16:36:00,47.81,17906,United Kingdom
582607,POST0017,Product Item 0017,21,2024-08-19 04:06:00,41.32,15675,United Kingdom
584748,POST0050,Product Item 0050,23,2024-11-23 08:50:00,1.58,17177,United Kingdom
581048,POST0051,Product Item 0051,11,2025-03-18 14:17:00,32.36,13369,United Kingdom
586171,POST0017,Product Item 0017,23,2024-02-21 08:57:00,3.98,12740,United Kingdom
586408,POST0014,Product Item 0014,16,2025-01-10 12:08:00,13.99,12116,United Kingdom
584861,POST0009,Product Item 0009,15,2024-09-19 19:37:00,4.39,17949,United Kingdom
586745,POST0040,Product Item 0040,21,2024-09-23 02:33:00,30.78,14838,United Kingdom
588406,POST0002,Product Item 0002,15,2024-12-24 01:31:00,34.79,13150,United Kingdom
583180,POST0045,Product Item 0045,4,2024-11-12 05:37:00,7.05,13931,France
584046,POST0025,Product Item 0025,11,2024-11-19 19:14:00,20.11,13012,United Kingdom
583833,POST0039,Product Item 0039,19,2025-10-27 07:29:00,23.62,13664,France
586285,POST0009,Product Item 0009,15,2025-10-13 13:29:00,19.4,13081,United Kingdom
582397,POST0054,Product Item 0054,4,2025-07-16 13:06:00,7.37,16729,United Kingdom
587516,POST0022,Product Item 0022,21,2025-09-20 04:32:00,21.81,12512,United Kingdom
586924,POST0043,Product Item 0043,13,2025-02-24 09:47:00,37.92,14849,France
588645,POST0046,Product Item 0046,22,2024-02-15 02:56:00,4.94,17215,United Kingdom
584826,POST0004,Product Item 0004,19,2025-08-22 13:50:00,5.39,17237,United Kingdom
585574,POST0026,Product Item 0026,2,2024-09-25 10:42:00,18.7,12559,United Kingdom
581831,POST0058,Product Item 0058,14,2025-08-23 17:52:00,47.16,15672,United Kingdom
583697,POST0029,Product Item 0029,4,2025-01-15 09:26:00,33.92,16583,United Kingdom
586710,POST0045,Product Item 0045,16,2024-04-27 11:05:00,34.41,16992,United Kingdom
585777,POST0034,Product Item 0034,21,2025-07-19 22:58:00,19.05,15343,United Kingdom
588802,POST0023,Product Item 0023,20,2024-04-25 22:11:00,30.29,17308,United Kingdom
583735,POST0037,Product Item 0037,14,2025-09-21 14:27:00,1.99,16070,United Kingdom
586419,POST0011,Product Item 0011,15,2024-09-16 17:49:00,32.34,16799,United Kingdom
581081,POST0006,Product Item 0006,3,2024-03-15 05:01:00,45.79,13470,United Kingdom
581086,POST0018,Product Item 0018,8,2025-04-24 14:27:00,31.2,12580,France
587368,POST0021,Product Item 0021,16,2024-10-31 15:11:00,43.87,14294,United Kingdom
583063,POST0042,Product Item 0042,10,2024-01-07 06:47:00,36.61,15147,United Kingdom
581821,POST0036,Product Item 0036,4,2024-12-31 20:12:00,7.35,16249,United Kingdom
588525,POST0041,Product Item 0041,18,2025-09-25 13:41:00,45.26,13679,United Kingdom
581162,POST0038,Product Item 0038,2,2025-06-06 19:12:00,4.72,15506,United Kingdom
588777,POST0034,Product Item 0034,17,2024-12-13 09:20:00,27.39,17092,Germany
584739,POST0017,Product Item 0017,13,2025-03-13 21:29:00,8.39,14744,United Kingdom
587657,POST0037,Product Item 0037,4,2024-08-02 19:01:00,2.07,15356,United Kingdom
583397,POST0025,Product Item 0025,11,2025-03-04 07:43:00,21.96,16045,United Kingdom
582932,POST0038,Product Item 0038,7,2025-05-12 02:23:00,15.81,13243,United Kingdom
583728,POST0058,Product Item 0058,12,2025-06-23 07:21:00,25.07,17188,United Kingdom
584535,POST0012,Product Item 0012,10,2025-01-01 20:23:00,29.49,15118,EIRE
586946,POST0023,Product Item 0023,7,2024-11-08 19:40:00,3.62,17104,United Kingdom
586956,POST0053,Product Item 0053,13,2025-06-21 08:06:00,7.46,14141,United Kingdom
584446,POST0042,Product Item 0042,7,2024-02-23 14:19:00,28.59,17869,United Kingdom
586211,POST0022,Product Item 0022,24,2025-06-24 19:17:00,18.14,17053,United Kingdom
587324,POST0021,Product Item 0021,17,2025-04-11 02:27:00,36.86,15059,United Kingdom
583790,POST0027,Product Item 0027,10,2024-06-12 22:39:00,33.13,16548,United Kingdom
588468,POST0057,Product Item 0057,10,2024-11-29 18:14:00,42.5,17323,United Kingdom
583707,POST0031,Product Item 0031,24,2025-06-30 20:56:00,35.08,14959,United Kingdom
588959,POST0006,Product Item 0006,4,2024-12-13 22:37:00,22.35,14265,United Kingdom
588356,POST0027,Product Item 0027,20,2024-09-29 13:30:00,34.13,14479,United Kingdom
586978,POST0040,Product Item 0040,4,2025-02-17 11:05:00,14.85,16646,United Kingdom
584933,POST0034,Product Item 0034,22,2025-05-14 01:29:00,16.35,13635,United Kingdom
584385,POST0012,Product Item 0012,7,2024-04-02 22:37:00,39.76,17408,United Kingdom
587636,POST0045,Product Item 0045,22,2025-11-15 03:18:00,23.15,13757,United Kingdom
581922,POST0057,Product Item 0057,1,2024-03-19 19:44:00,40.21,16452,United Kingdom
583175,POST0053,Product Item 0053,12,2025-09-13 08:57:00,41.38,14070,United Kingdom
588686,POST0007,Product Item 0007,24,2024-08-04 19:04:00,43.08,17881,United Kingdom
586545,POST0010,Product Item 0010,13,2024-12-23 05:00:00,45.95,17877,United Kingdom
582582,POST0045,Product Item 0045,10,2025-09-09 12:03:00,22.4,14849,United Kingdom
581564,POST0017,Product Item 0017,15,2025-05-21 16:02:00,16.96,15251,United Kingdom
584258,POST0026,Product Item 0026,13,2025-07-12 01:07:00,29.73,15730,France
583597,POST0021,Product Item 0021,23,2024-06-29 07:38:00,19.5,14489,United Kingdom
583500,POST0028,Product Item 0028,22,2025-07-29 06:37:00,30.65,13631,United Kingdom
585566,POST0058,Product Item 0058,22,2024-09-02 10:19:00,35.71,14816,United Kingdom
581987,POST0046,Product Item 0046,21,2024-08-31 21:49:00,34.88,13015,United Kingdom
587881,POST0002,Product Item 0002,22,2025-05-20 19:23:00,19.66,13348,United Kingdom
584636,POST0054,Product Item 0054,9,2025-02-25 12:09:00,9.59,16611,France
587030,POST0043,Product Item 0043,9,2024-11-15 09:15:00,22.38,15087,France
581223,POST0001,Product Item 0001,15,2024-03-27 13:00:00,8.41,14839,United Kingdom
587297,POST0051,Product Item 0051,10,2024-08-04 14:53:00,44.66,12335,France
587703,POST0053,Product Item 0053,24,2025-05-04 10:09:00,18.27,17878,Netherlands
581350,POST0036,Product Item 0036,10,2025-06-02 12:27:00,8.99,16592,Germany
588314,POST0051,Product Item 0051,8,2024-10-04 04:41:00,2.73,12895,Germany
582928,POST0026,Product Item 0026,24,2024-06-17 11:00:00,32.82,15546,United Kingdom
588743,POST0029,Product Item 0029,16,2024-11-25 15:23:00,32.38,12851,United Kingdom
581348,POST0021,Product Item 0021,17,2025-10-11 16:35:00,18.02,13687,United Kingdom
585277,POST0011,Product Item 0011,5,2025-03-16 12:25:00,4.98,13931,United Kingdom
585732,POST0040,Product Item 0040,4,2025-01-25 01:26:00,21.36,15746,Netherlands
582017,POST0011,Product Item 0011,18,2025-05-10 18:22:00,16.59,14427,United Kingdom
583226,POST0036,Product Item 0036,24,2025-01-15 20:28:00,34.33,13568,United Kingdom
588206,POST0049,Product Item 0049,19,2024-11-01 13:10:00,30.87,16000,United Kingdom
585867,POST0059,Product Item 0059,4,2025-11-03 22:40:00,19.18,17052,Germany
588037,POST0039,Product Item 0039,7,2025-05-27 21:17:00,12.07,14738,Netherlands
588170,POST0040,Product Item 0040,10,2024-07-06 05:03:00,49.41,15498,United Kingdom
586111,POST0035,Product Item 0035,18,2025-05-30 23:23:00,23.51,17732,United Kingdom
587207,POST0054,Product Item 0054,19,2025-10-05 02:09:00,34.87,17387,United Kingdom
585124,POST0034,Product Item 0034,4,2025-03-02 09:55:00,8.32,17536,United Kingdom
583419,POST0055,Product Item 0055,10,2025-05-16 21:39:00,25.05,17287,United Kingdom
588690,POST0047,Product Item 0047,1,2024-09-16 09:17:00,2.84,15913,United Kingdom
587240,POST0024,Product Item 0024,23,2025-05-27 14:58:00,26.01,13066,United Kingdom
582893,POST0054,Product Item 0054,18,2024-03-11 20:06:00,48.25,16380,United Kingdom
586561,POST0022,Product Item 0022,5,2025-04-22 21:31:00,20.13,14444,United Kingdom
586322,POST0005,Product Item 0005,15,2024-06-26 22:25:00,3.39,16107,United Kingdom
588578,POST0056,Product Item 0056,17,2025-04-01 01:17:00,3.0,17726,United Kingdom
584040,POST0033,Product Item 0033,3,2024-07-07 13:03:00,20.31,15373,United Kingdom
583068,POST0058,Product Item 0058,12,2024-10-17 22:42:00,9.26,15969,United Kingdom
588718,POST0036,Product Item 0036,2,2025-06-03 11:13:00,2.63,14546,United Kingdom
587878,POST0047,Product Item 0047,1,2024-10-18 03:57:00,38.17,12753,United Kingdom
582125,POST0020,Product Item 0020,23,2025-09-26 19:17:00,23.73,14082,United Kingdom
584117,POST0019,Product Item 0019,21,2024-10-09 20:15:00,15.53,14774,Germany
585161,POST0035,Product Item 0035,17,2025-06-27 22:59:00,45.15,14896,United Kingdom
587746,POST0052,Product Item 0052,22,2025-01-11 04:37:00,7.13,16185,United Kingdom
588331,POST0043,Product Item 0043,16,2025-10-19 17:21:00,47.85,12775,United Kingdom
585042,POST0017,Product Item 0017,5,2024-06-04 08:43:00,16.72,13625,Germany
586230,POST0059,Product Item 0059,15,2025-05-22 02:59:00,44.58,15069,United Kingdom
585433,POST0045,Product Item 0045,3,2025-02-16 02:02:00,30.74,12417,United Kingdom
583170,POST0043,Product Item 0043,7,2025-06-11 21:09:00,41.59,12114,Netherlands
586824,POST0034,Product Item 0034,11,2024-12-20 23:16:00,49.21,12616,United Kingdom
581446,POST0009,Product Item 0009,10,2025-07-12 17:54:00,15.48,15974,United Kingdom
583658,POST0026,Product Item 0026,9,2024-07-05 18:14:00,48.11,15267,United Kingdom
584362,POST0002,Product Item 0002,14,2024-01-31 07:59:00,20.39,12825,United Kingdom
583718,POST0053,Product Item 0053,13,2024-09-16 17:22:00,20.19,17745,United Kingdom
584483,POST0009,Product Item 0009,2,2025-02-24 01:23:00,18.01,13516,United Kingdom
587758,POST0009,Product Item 0009,3,2025-06-12 19:38:00,27.75,15146,EIRE
583944,POST0040,Product Item 0040,7,2025-07-04 09:24:00,8.97,12412,EIRE
585376,POST0017,Product Item 0017,21,2024-10-30 10:18:00,28.35,12728,United Kingdom
588210,POST0001,Product Item 0001,18,2024-02-08 05:56:00,27.77,15348,United Kingdom
588653,POST0025,Product Item 0025,3,2025-05-03 13:35:00,38.44,14808,United Kingdom
581595,POST0043,Product Item 0043,10,2025-10-05 10:46:00,41.92,12675,Netherlands
582986,POST0040,Product Item 0040,22,2025-06-25 07:22:00,22.86,15465,Netherlands
583750,POST0042,Product Item 0042,7,2025-10-31 18:12:00,16.16,17988,United Kingdom
582074,POST0025,Product Item 0025,9,2024-10-04 08:42:00,14.08,14504,United Kingdom
584969,POST0039,Product Item 0039,17,2024-07-21 02:22:00,10.94,14967,United Kingdom
585305,POST0035,Product Item 0035,11,2024-03-06 03:11:00,4.3,14786,United Kingdom
585221,POST0003,Product Item 0003,7,2024-04-17 23:30:00,18.11,13122,United Kingdom
585587,POST0050,Product Item 0050,24,2024-09-24 06:17:00,14.6,16079,United Kingdom
584580,POST0037,Product Item 0037,14,2024-08-09 09:40:00,48.36,13571,United Kingdom
584007,POST0044,Product Item 0044,19,2025-06-13 08:54:00,28.54,17073,United Kingdom
581969,POST0044,Product Item 0044,4,2024-03-30 21:56:00,18.34,17104,United Kingdom
581580,POST0051,Product Item 0051,6,2025-11-23 17:12:00,29.65,14143,EIRE
583824,POST0030,Product Item 0030,10,2024-09-11 21:34:00,8.25,13687,United Kingdom
587401,POST0038,Product Item 0038,7,2025-03-30 23:30:00,23.03,16132,United Kingdom
585001,POST0034,Product Item 0034,13,2024-09-09 01:32:00,31.87,15851,United Kingdom
582211,POST0012,Product Item 0012,14,2024-09-13 08:48:00,25.21,15440,United Kingdom
581229,POST0019,Product Item 0019,4,2025-01-17 19:37:00,20.98,15766,United Kingdom
585284,POST0037,Product Item 0037,8,2025-03-17 06:44:00,49.69,17644,United Kingdom
588582,POST0044,Product Item 0044,5,2025-08-21 13:59:00,44.19,14326,United Kingdom
587153,POST0059,Product Item 0059,1,2024-03-30 19:32:00,31.73,14914,United Kingdom
584185,POST0059,Product Item 0059,4,2025-01-24 14:48:00,29.11,16968,United Kingdom
588243,POST0049,Product Item 0049,3,2025-08-04 21:30:00,31.6,17917,United Kingdom
587819,POST0017,Product Item 0017,9,2024-02-13 07:01:00,11.26,17392,United Kingdom
581501,POST0010,Product Item 0010,8,2025-10-25 07:51:00,20.66,15952,United Kingdom
583132,POST0057,Product Item 0057,1,2025-08-20 14:52:00,3.41,12595,United Kingdom
581048,POST0055,Product Item 0055,6,2024-01-19 09:06:00,24.56,17999,Germany
584566,POST0049,Product Item 0049,9,2024-04-10 10:30:00,27.83,12728,United Kingdom
587981,POST0047,Product Item 0047,7,2025-08-29 17:17:00,12.54,13365,United Kingdom
584055,POST0012,Product Item 0012,4,2024-12-22 12:57:00,48.25,16492,United Kingdom
581688,POST0016,Product Item 0016,13,2025-06-25 06:03:00,45.6,12698,United Kingdom
581386,POST0024,Product Item 0024,17,2024-02-02 01:58:00,36.52,17731,United Kingdom
581969,POST0019,Product Item 0019,2,2024-08-16 21:01:00,27.36,12395,Germany
584460,POST0008,Product Item 0008,5,2025-06-07 09:05:00,43.68,16171,United Kingdom
582005,POST0031,Product Item 0031,12,2025-09-21 19:52:00,7.84,16360,Spain
587361,POST0021,Product Item 0021,21,2024-06-03 08:41:00,39.83,14502,United Kingdom
586820,POST0017,Product Item 0017,8,2025-02-26 10:33:00,7.55,13819,United Kingdom
587100,POST0023,Product Item 0023,6,2024-09-02 16:02:00,40.01,12717,United Kingdom
584052,POST0037,Product Item 0037,8,2025-02-08 15:57:00,14.87,14782,United Kingdom
584417,POST0054,Product Item 0054,18,2025-06-24 14:42:00,44.03,16946,United Kingdom
588397,POST0016,Product Item 0016,3,2024-06-09 12:59:00,47.28,15577,United Kingdom
583302,POST0006,Product Item 0006,22,2024-04-26 14:30:00,8.72,17486,EIRE
583283,POST0008,Product Item 0008,12,2024-09-27 08:35:00,23.94,12143,United Kingdom
588193,POST0025,Product Item 0025,3,2025-11-22 15:37:00,49.07,16980,United Kingdom
582607,POST0018,Product Item 0018,22,2025-05-01 23:40:00,24.94,15140,United Kingdom
588428,POST0025,Product Item 0025,6,2024-06-20 14:25:00,43.37,16491,United Kingdom
586885,POST0012,Product Item 0012,2,2024-09-30 01:45:00,30.05,14938,United Kingdom
585366,POST0015,Product Item 0015,23,2024-09-15 18:28:00,19.7,17588,United Kingdom
581122,POST0059,Product Item 0059,12,2024-05-14 03:33:00,15.36,15636,United Kingdom
587799,POST0026,Product Item 0026,2,2025-11-13 19:04:00,11.35,15222,United Kingdom
582280,POST0041,Product Item 0041,6,2025-02-25 19:15:00,38.44,13167,France
584727,POST0045,Product Item 0045,17,2025-02-24 14:09:00,20.24,14616,France
586540,POST0026,Product Item 0026,3,2024-07-04 03:16:00,26.29,13062,United Kingdom
581258,POST0047,Product Item 0047,2,2024-12-29 00:18:00,25.37,14156,United Kingdom
581947,POST0032,Product Item 0032,23,2025-08-29 10:41:00,29.49,17161,Germany
587190,POST0010,Product Item 0010,20,2025-01-12 17:15:00,43.47,17305,France
585958,POST0016,Product Item 0016,8,2025-06-06 18:24:00,49.06,14982,United Kingdom
581524,POST0007,Product Item 0007,22,2025-08-02 05:29:00,21.26,15294,United Kingdom
581887,POST0017,Product Item 0017,12,2024-07-14 14:25:00,41.63,16729,United Kingdom
581207,POST0023,Product Item 0023,4,2024-04-07 12:53:00,38.57,13156,United Kingdom
584382,POST0026,Product Item 0026,5,2025-08-27 06:31:00,29.31,17334,Netherlands
583794,POST0021,Product Item 0021,13,2024-01-22 10:36:00,47.86,12732,United Kingdom
581148,POST0022,Product Item 0022,15,2025-03-25 05:06:00,11.22,16330,France
581437,POST0058,Product Item 0058,23,2024-06-20 21:30:00,6.8,16846,United Kingdom
583202,POST0007,Product Item 0007,16,2025-01-17 14:54:00,42.91,12953,Spain
584749,POST0014,Product Item 0014,10,2024-05-13 10:51:00,22.79,14539,United Kingdom
584161,POST0015,Product Item 0015,23,2025-03-01 14:00:00,42.57,15324,Germany
586817,POST0053,Product Item 0053,16,2024-01-25 17:05:00,44.81,15301,United Kingdom
584901,POST0007,Product Item 0007,12,2025-05-17 08:39:00,4.53,13542,United Kingdom
585453,POST0009,Product Item 0009,17,2024-07-03 10:35:00,44.34,17293,United Kingdom
584245,POST0051,Product Item 0051,16,2024-03-25 22:12:00,23.24,17772,Spain
586336,POST0048,Product Item 0048,12,2025-07-20 12:19:00,26.25,13191,United Kingdom
587026,POST0008,Product Item 0008,8,2024-05-23 07:48:00,31.88,17512,Germany
585551,POST0050,Product Item 0050,20,2025-11-09 03:31:00,46.42,14993,EIRE
583823,POST0059,Product Item 0059,3,2025-02-15 18:55:00,2.43,14681,United Kingdom
586728,POST0023,Product Item 0023,16,2024-08-11 17:11:00,24.62,13217,United Kingdom
585724,POST0029,Product Item 0029,13,2024-08-07 13:23:00,34.85,13540,United Kingdom
584270,POST0018,Product Item 0018,23,2024-06-27 07:56:00,36.54,15236,United Kingdom
587975,POST0031,Product Item 0031,19,2025-09-22 14:33:00,35.08,17541,United Kingdom
581485,POST0030,Product Item 0030,8,2025-03-08 07:39:00,8.02,14386,United Kingdom
587676,POST0052,Product Item 0052,22,2024-09-21 04:12:00,16.02,15719,United Kingdom
581199,POST0039,Product Item 0039,5,2025-03-04 12:31:00,18.89,17615,United Kingdom
585466,POST0035,Product Item 0035,20,2025-10-23 16:20:00,40.51,13388,United Kingdom
586109,POST0018,Product Item 0018,8,2025-02-19 14:13:00,15.02,13856,United Kingdom
582982,POST0059,Product Item 0059,24,2025-03-28 03:55:00,11.72,13365,Spain
587996,POST0042,Product Item 0042,12,2024-07-15 22:09:00,47.93,12499,United Kingdom
582471,POST0039,Product Item 0039,1,2025-07-07 07:57:00,1.93,13680,Spain
585343,POST0017,Product Item 0017,21,2024-02-22 11:18:00,49.88,12510,United Kingdom
585883,POST0014,Product Item 0014,20,2025-04-24 17:23:00,34.32,16312,United Kingdom
583311,POST0031,Product Item 0031,6,2025-03-18 03:35:00,41.67,13324,United Kingdom
588225,POST0024,Product Item 0024,22,2024-11-25 14:14:00,15.79,13155,United Kingdom
584373,POST0035,Product Item 0035,18,2024-09-07 02:14:00,2.19,13827,United Kingdom
583078,POST0044,Product Item 0044,8,2024-05-02 15:04:00,37.28,15141,United Kingdom
582521,POST0045,Product Item 0045,7,2025-01-21 19:12:00,41.95,15486,United Kingdom
586368,POST0034,Product Item 0034,1,2024-12-04 06:49:00,37.41,13810,United Kingdom
581604,POST0003,Product Item 0003,21,2024-12-13 21:57:00,8.43,14923,United Kingdom
584848,POST0037,Product Item 0037,16,2024-01-29 21:09:00,38.03,17301,United Kingdom
584342,POST0043,Product Item 0043,12,2024-02-04 01:25:00,38.79,14214,United Kingdom
588773,POST0040,Product Item 0040,6,2025-06-01 09:15:00,33.43,16186,United Kingdom
586785,POST0026,Product Item 0026,20,2025-01-30 23:18:00,38.65,12713,United Kingdom
582417,POST0055,Product Item 0055,2,2025-09-14 06:17:00,42.52,17977,United Kingdom
586916,POST0023,Product Item 0023,14,2024-10-20 23:33:00,31.25,15602,United Kingdom
585597,POST0044,Product Item 0044,4,2025-08-11 17:54:00,5.8,16134,Germany
588759,POST0039,Product Item 0039,1,2024-12-14 04:01:00,25.15,15522,United Kingdom
584875,POST0015,Product Item 0015,23,2024-05-26 21:57:00,5.27,16268,United Kingdom
588251,POST0056,Product Item 0056,18,2024-03-07 15:19:00,21.26,16748,United Kingdom
588532,POST0049,Product Item 0049,13,2025-06-03 04:25:00,21.24,16849,United Kingdom
583933,POST0004,Product Item 0004,2,2024-05-01 19:03:00,4.7,13243,United Kingdom
581548,POST0029,Product Item 0029,9,2024-12-05 11:51:00,18.41,15709,United Kingdom
586461,POST0022,Product Item 0022,21,2024-06-23 21:11:00,6.88,13081,United Kingdom
581838,POST0025,Product Item 0025,2,2025-11-21 01:09:00,40.69,17779,United Kingdom
586526,POST0013,Product Item 0013,9,2025-08-19 00:56:00,47.45,12455,United Kingdom
586544,POST0018,Product Item 0018,1,2025-03-26 23:25:00,5.01,16924,United Kingdom
584815,POST0033,Product Item 0033,11,2025-07-10 00:38:00,47.81,12894,United Kingdom
588260,POST0016,Product Item 0016,3,2024-05-15 13:20:00,26.84,13384,United Kingdom
581847,POST0045,Product Item 0045,20,2024-01-16 17:21:00,16.03,13958,United Kingdom
585709,POST0042,Product Item 0042,23,2024-11-28 12:11:00,5.23,15072,United Kingdom
585507,POST0044,Product Item 0044,4,2024-07-13 13:44:00,25.78,13996,United Kingdom
587575,POST0002,Product Item 0002,18,2025-05-10 12:35:00,40.03,16285,United Kingdom
585773,POST0055,Product Item 0055,23,2024-01-09 05:51:00,35.79,12504,Germany
585254,POST0035,Product Item 0035,6,2024-11-29 22:01:00,3.94,13214,United Kingdom
587157,POST0042,Product Item 0042,3,2024-11-28 04:42:00,5.04,13531,United Kingdom
585468,POST0034,Product Item 0034,22,2024-11-22 01:49:00,21.04,15440,United Kingdom
583272,POST0030,Product Item 0030,11,2024-01-15 16:56:00,15.82,12823,United Kingdom
588672,POST0059,Product Item 0059,15,2025-09-05 20:03:00,12.77,12928,United Kingdom
586192,POST0055,Product Item 0055,22,2024-08-13 09:03:00,15.13,17029,United Kingdom
584320,POST0013,Product Item 0013,5,2025-02-28 00:24:00,40.46,17236,United Kingdom
583558,POST0013,Product Item 0013,20,2025-02-11 14:02:00,46.56,12133,Germany
585698,POST0018,Product Item 0018,10,2024-04-22 13:10:00,21.14,14105,United Kingdom
585311,POST0032,Product Item 0032,12,2025-03-03 12:17:00,45.44,15627,United Kingdom
582996,POST0032,Product Item 0032,15,2024-01-01 00:56:00,17.09,16780,Germany
584673,POST0035,Product Item 0035,17,2024-09-22 02:59:00,24.6,13852,Netherlands
582564,POST0059,Product Item 0059,10,2025-05-05 03:51:00,12.46,16910,France
585018,POST0039,Product Item 0039,6,2024-07-26 05:42:00,32.56,17268,United Kingdom
582840,POST0046,Product Item 0046,18,2025-09-13 07:56:00,48.97,16175,United Kingdom
587058,POST0052,Product Item 0052,13,2025-01-03 09:35:00,30.76,14933,United Kingdom
588131,POST0029,Product Item 0029,3,2024-11-01 07:34:00,18.85,15284,United Kingdom
584291,POST0049,Product Item 0049,24,2024-01-12 20:55:00,32.91,16298,United Kingdom
583887,POST0029,Product Item 0029,10,2024-12-10 04:48:00,7.46,14811,United Kingdom
581726,POST0053,Product Item 0053,14,2025-04-09 20:36:00,44.59,17348,Germany
582244,POST0044,Product Item 0044,6,2025-11-30 04:17:00,25.89,17795,United Kingdom
584460,POST0057,Product Item 0057,3,2025-10-27 08:49:00,23.29,13250,Germany
587697,POST0016,Product Item 0016,16,2025-05-08 11:26:00,29.91,17778,United Kingdom
584718,POST0056,Product Item 0056,7,2025-01-02 15:28:00,31.8,17651,United Kingdom
582065,POST0044,Product Item 0044,20,2025-02-23 03:48:00,4.98,15512,United Kingdom
585771,POST0047,Product Item 0047,14,2024-06-19 20:49:00,34.6,13256,United Kingdom
588016,POST0057,Product Item 0057,9,2024-05-13 09:55:00,13.23,15376,United Kingdom
581282,POST0010,Product Item 0010,15,2025-03-02 07:14:00,36.12,17645,United Kingdom
582081,POST0030,Product Item 0030,21,2024-01-25 14:41:00,41.38,17262,Spain
584885,POST0025,Product Item 0025,3,2025-06-13 17:00:00,40.48,15486,United Kingdom
583881,POST0039,Product Item 0039,2,2024-07-08 06:41:00,28.29,15584,United Kingdom
583584,POST0020,Product Item 0020,2,2024-05-20 10:21:00,26.72,13396,United Kingdom
588240,POST0005,Product Item 0005,3,2025-07-08 01:27:00,8.43,15637,United Kingdom
587004,POST0001,Product Item 0001,18,2025-10-19 09:43:00,39.1,15330,United Kingdom
583970,POST0030,Product Item 0030,14,2024-11-10 05:08:00,14.66,14703,United Kingdom
582152,POST0049,Product Item 0049,20,2025-03-19 15:05:00,25.58,12470,United Kingdom
588766,POST0003,Product Item 0003,18,2024-11-14 05:42:00,15.28,17131,United Kingdom
587985,POST0045,Product Item 0045,10,2025-03-16 07:15:00,7.99,13353,United Kingdom
584497,POST0014,Product Item 0014,2,2024-04-01 02:56:00,32.03,14783,United Kingdom
581947,POST0056,Product Item 0056,22,2024-06-27 02:18:00,4.13,14831,United Kingdom
585760,POST0030,Product Item 0030,1,2024-02-25 03:13:00,37.8,17063,United Kingdom
582717,POST0050,Product Item 0050,4,2024-06-03 20:09:00,16.9,12357,United Kingdom
586244,POST0004,Product Item 0004,14,2025-11-02 20:41:00,1.51,15019,United Kingdom
581066,POST0018,Product Item 0018,1,2024-04-20 19:47:00,26.28,12667,United Kingdom
587149,POST0037,Product Item 0037,14,2024-05-16 19:44:00,3.77,16468,Germany
581636,POST0025,Product Item 0025,16,2024-08-19 15:42:00,14.89,17127,United Kingdom
581313,POST0048,Product Item 0048,22,2025-04-12 08:44:00,35.78,13145,EIRE
584397,POST0001,Product Item 0001,14,2025-04-25 17:45:00,4.54,17467,Spain
581564,POST0053,Product Item 0053,20,2024-03-08 15:14:00,42.2,16185,United Kingdom
582601,POST0046,Product Item 0046,3,2024-09-05 03:29:00,1.69,15719,United Kingdom
581825,POST0015,Product Item 0015,3,2024-11-18 12:20:00,13.47,14745,United Kingdom
587649,POST0009,Product Item 0009,9,2025-06-01 14:21:00,37.43,12539,United Kingdom
586201,POST0015,Product Item 0015,6,2025-03-07 21:38:00,16.84,14779,United Kingdom
584670,POST0049,Product Item 0049,13,2025-05-01 15:53:00,6.44,16964,United Kingdom
582025,POST0057,Product Item 0057,21,2025-08-28 21:42:00,18.97,16136,United Kingdom
583251,POST0024,Product Item 0024,2,2025-03-04 21:14:00,14.61,16835,Germany
585757,POST0004,Product Item 0004,8,2024-09-25 22:13:00,42.36,15775,United Kingdom
581804,POST0012,Product Item 0012,21,2025-06-20 13:52:00,16.69,17320,United Kingdom
583451,POST0059,Product Item 0059,2,2024-05-27 02:19:00,39.76,17024,United Kingdom
588270,POST0058,Product Item 0058,4,2024-04-27 13:11:00,44.75,14508,United Kingdom
585631,POST0037,Product Item 0037,15,2025-01-01 09:05:00,22.54,14779,United Kingdom
582391,POST0037,Product Item 0037,4,2024-03-06 16:56:00,45.62,12924,France
582235,POST0043,Product Item 0043,13,2025-01-04 00:56:00,19.8,14956,United Kingdom
587720,POST0006,Product Item 0006,12,2024-06-23 01:51:00,48.25,13581,United Kingdom
585032,POST0039,Product Item 0039,13,2025-08-10 00:04:00,5.83,15324,United Kingdom
584280,POST0056,Product Item 0056,14,2025-05-09 23:53:00,34.81,16485,France
587906,POST0046,Product Item 0046,20,2024-04-23 23:57:00,25.45,17713,United Kingdom
587016,POST0024,Product Item 0024,18,2024-04-20 20:05:00,20.3,12255,United Kingdom
587260,POST0011,Product Item 0011,6,2025-03-14 17:16:00,32.18,16804,United Kingdom
585723,POST0013,Product Item 0013,11,2024-05-26 22:42:00,35.63,13838,United Kingdom
585844,POST0034,Product Item 0034,2,2024-02-04 21:22:00,1.71,13944,United Kingdom
584549,POST0025,Product Item 0025,23,2024-11-04 01:29:00,9.6,12009,United Kingdom
585200,POST0007,Product Item 0007,19,2025-06-21 10:15:00,36.08,14871,United Kingdom
587638,POST0052,Product Item 0052,19,2024-01-14 14:50:00,33.81,12797,United Kingdom
588938,POST0004,Product Item 0004,5,2025-01-08 11:37:00,48.34,16972,EIRE
585141,POST0059,Product Item 0059,19,2025-07-10 21:13:00,38.4,17124,United Kingdom
587966,POST0008,Product Item 0008,2,2025-03-03 21:18:00,47.6,13015,United Kingdom
582354,POST0020,Product Item 0020,10,2024-08-20 14:57:00,35.57,13824,United Kingdom
586335,POST0029,Product Item 0029,2,2025-07-16 16:10:00,15.95,16469,United Kingdom
586077,POST0054,Product Item 0054,11,2025-10-24 18:51:00,6.61,15136,France
586055,POST0053,Product Item 0053,18,2025-03-15 11:07:00,39.41,14193,United Kingdom
586611,POST0051,Product Item 0051,24,2025-05-16 09:53:00,32.73,12223,United Kingdom
582836,POST0045,Product Item 0045,15,2024-10-01 09:48:00,3.84,17358,United Kingdom
583892,POST0046,Product Item 0046,9,2024-03-16 08:04:00,18.96,17898,United Kingdom
583496,POST0010,Product Item 0010,23,2025-03-14 16:21:00,47.9,16948,United Kingdom
583583,POST0043,Product Item 0043,19,2025-11-29 16:11:00,25.76,16158,United Kingdom
583558,POST0034,Product Item 0034,9,2024-10-15 21:21:00,22.48,17336,United Kingdom
586577,POST0057,Product Item 0057,3,2025-06-23 10:38:00,23.69,15925,Netherlands
584618,POST0026,Product Item 0026,21,2025-11-22 16:36:00,11.63,16784,United Kingdom
582559,POST0041,Product Item 0041,9,2024-09-09 04:41:00,19.38,17580,United Kingdom
587683,POST0049,Product Item 0049,14,2024-05-05 16:25:00,19.43,16000,Germany
582507,POST0058,Product Item 0058,19,2024-06-25 18:31:00,4.04,13633,United Kingdom
585071,POST0003,Product Item 0003,7,2024-02-06 20:27:00,38.72,14152,United Kingdom
583063,POST0056,Product Item 0056,16,2025-02-13 00:15:00,21.7,12510,United Kingdom
584642,POST0006,Product Item 0006,16,2025-09-02 19:34:00,41.37,12384,United Kingdom
583000,POST0005,Product Item 0005,1,2025-09-01 15:35:00,42.73,12404,United Kingdom
587386,POST0005,Product Item 0005,4,2024-05-06 04:13:00,11.78,16613,United Kingdom
587069,POST0054,Product Item 0054,4,2025-04-27 20:11:00,33.38,16571,France
588374,POST0047,Product Item 0047,7,2024-06-16 05:28:00,24.4,14000,United Kingdom
586007,POST0023,Product Item 0023,8,2025-08-14 09:03:00,44.18,14756,United Kingdom
582294,POST0049,Product Item 0049,17,2024-10-20 13:02:00,11.96,13668,United Kingdom
587904,POST0009,Product Item 0009,5,2025-09-29 16:36:00,34.37,17989,United Kingdom
585065,POST0035,Product Item 0035,7,2024-12-08 23:40:00,30.97,13460,United Kingdom
586898,POST0020,Product Item 0020,20,2024-11-05 22:33:00,15.82,15636,United Kingdom
583752,POST0058,Product Item 0058,20,2025-10-23 14:04:00,8.12,14724,Germany
582753,POST0049,Product Item 0049,4,2025-06-11 19:52:00,33.1,16809,United Kingdom
585210,POST0059,Product Item 0059,6,2025-06-23 06:05:00,37.31,16178,United Kingdom
582603,POST0042,Product Item 0042,7,2025-02-22 20:01:00,16.8,17264,United Kingdom
582322,POST0035,Product Item 0035,18,2025-03-19 10:54:00,32.77,17997,United Kingdom
586956,POST0050,Product Item 0050,5,2025-11-15 23:05:00,20.66,14048,United Kingdom
588650,POST0018,Product Item 0018,20,2025-07-11 12:39:00,36.08,16146,United Kingdom
587540,POST0017,Product Item 0017,3,2024-08-23 10:38:00,11.16,16780,United Kingdom
583441,POST0024,Product Item 0024,7,2025-03-14 17:43:00,44.67,12716,United Kingdom
582098,POST0003,Product Item 0003,22,2024-08-01 15:23:00,15.44,17565,United Kingdom
586073,POST0032,Product Item 0032,14,2024-03-25 06:55:00,19.33,16544,United Kingdom
582505,POST0035,Product Item 0035,7,2024-03-25 22:58:00,4.32,16976,United Kingdom
582126,POST0038,Product Item 0038,5,2025-05-03 04:14:00,6.91,16583,United Kingdom
581296,POST0013,Product Item 0013,22,2024-03-05 19:26:00,26.51,13823,United Kingdom
584049,POST0056,Product Item 0056,5,2025-10-07 11:49:00,14.48,14081,United Kingdom
583225,POST0047,Product Item 0047,23,2025-10-24 09:36:00,42.01,15419,United Kingdom
588382,POST0025,Product Item 0025,2,2025-09-18 14:59:00,2.21,13574,United Kingdom
588110,POST0009,Product Item 0009,21,2024-03-04 00:10:00,19.88,12249,United Kingdom
587458,POST0004,Product Item 0004,22,2024-12-08 00:25:00,17.86,12673,United Kingdom
586158,POST0014,Product Item 0014,6,2024-12-17 15:56:00,2.44,16533,United Kingdom
585354,POST0037,Product Item 0037,15,2024-06-06 07:00:00,7.53,14165,EIRE
584787,POST0034,Product Item 0034,21,2025-08-11 20:44:00,21.56,12770,United Kingdom
587150,POST0011,Product Item 0011,10,2025-05-05 08:15:00,25.4,15962,United Kingdom
583096,POST0041,Product Item 0041,23,2025-10-19 21:00:00,21.1,16363,United Kingdom
584609,POST0056,Product Item 0056,24,2025-04-07 03:56:00,27.25,13984,Germany
583208,POST0003,Product Item 0003,7,2024-08-12 16:48:00,30.36,13077,United Kingdom
586988,POST0059,Product Item 0059,5,2024-11-08 03:38:00,1.98,12235,United Kingdom
581175,POST0028,Product Item 0028,1,2025-09-06 07:40:00,24.0,12388,United Kingdom
588758,POST0029,Product Item 0029,13,2025-04-10 11:02:00,48.22,15037,United Kingdom
588169,POST0009,Product Item 0009,21,2024-03-28 10:34:00,26.67,16858,United Kingdom
586096,POST0003,Product Item 0003,18,2024-10-29 19:27:00,34.35,13848,Spain
587014,POST0025,Product Item 0025,13,2025-11-10 16:29:00,16.62,16719,United Kingdom
583502,POST0034,Product Item 0034,21,2025-03-10 03:08:00,39.03,14814,EIRE
584999,POST0012,Product Item 0012,21,2025-11-12 04:14:00,38.98,15374,United Kingdom
582667,POST0042,Product Item 0042,18,2024-05-14 01:07:00,26.78,15278,United Kingdom
585371,POST0009,Product Item 0009,5,2024-02-19 10:15:00,48.83,13252,United Kingdom
583545,POST0015,Product Item 0015,13,2025-03-07 05:35:00,7.59,15981,United Kingdom
588796,POST0040,Product Item 0040,4,2024-12-05 11:10:00,2.32,16673,Germany
581675,POST0025,Product Item 0025,17,2024-12-12 13:40:00,38.84,14122,EIRE
582823,POST0005,Product Item 0005,3,2025-10-07 14:33:00,40.64,16530,France
586147,POST0011,Product Item 0011,17,2024-12-12 23:52:00,7.33,14150,United Kingdom
582356,POST0059,Product Item 0059,11,2025-10-10 04:59:00,14.38,16859,United Kingdom
584072,POST0034,Product Item 0034,21,2024-09-01 05:56:00,2.35,13329,United Kingdom
584259,POST0024,Product Item 0024,20,2024-04-18 04:15:00,15.72,13358,Spain
587199,POST0015,Product Item 0015,23,2025-06-16 16:47:00,38.99,14482,United Kingdom
581546,POST0038,Product Item 0038,21,2024-03-30 05:52:00,26.62,16542,United Kingdom
586231,POST0008,Product Item 0008,4,2024-10-22 08:43:00,18.38,14017,United Kingdom
588965,POST0059,Product Item 0059,2,2024-04-21 15:49:00,19.53,13331,United Kingdom
588477,POST0005,Product Item 0005,20,2025-08-11 12:35:00,1.57,16344,Netherlands
583083,POST0048,Product Item 0048,16,2024-06-25 04:43:00,16.04,16261,United Kingdom
583040,POST0026,Product Item 0026,18,2024-12-08 22:15:00,32.85,13358,United Kingdom
585534,POST0018,Product Item 0018,8,2025-10-21 01:38:00,48.74,17115,United Kingdom
582752,POST0006,Product Item 0006,3,2024-04-10 03:16:00,42.57,16637,United Kingdom
582615,POST0037,Product Item 0037,9,2025-09-20 08:01:00,2.64,16854,United Kingdom
582849,POST0048,Product Item 0048,20,2025-08-26 14:37:00,45.07,15177,United Kingdom
583642,POST0013,Product Item 0013,6,2025-02-04 20:49:00,39.48,14128,Germany
582600,POST0028,Product Item 0028,10,2024-01-28 10:14:00,39.34,14180,EIRE
584396,POST0005,Product Item 0005,21,2025-06-20 10:17:00,23.71,16892,United Kingdom
586759,POST0013,Product Item 0013,10,2024-02-27 23:08:00,20.8,12137,United Kingdom
585402,POST0017,Product Item 0017,13,2025-05-12 06:07:00,16.19,15472,EIRE
584605,POST0050,Product Item 0050,17,2024-10-23 09:29:00,4.69,17449,United Kingdom
584799,POST0040,Product Item 0040,9,2024-05-13 09:49:00,12.57,14832,United Kingdom
581618,POST0045,Product Item 0045,17,2024-11-26 18:18:00,13.46,15579,United Kingdom
582132,POST0032,Product Item 0032,24,2024-09-05 17:45:00,24.97,17971,United Kingdom
586491,POST0029,Product Item 0029,9,2025-07-03 07:01:00,37.74,15031,United Kingdom
587500,POST0051,Product Item 0051,9,2024-03-15 13:55:00,24.48,16164,Spain
587324,POST0058,Product Item 0058,1,2025-10-15 20:04:00,4.3,14593,United Kingdom
586475,POST0003,Product Item 0003,2,2024-06-16 09:04:00,47.94,17569,United Kingdom
586795,POST0056,Product Item 0056,16,2025-05-17 01:10:00,47.21,16300,United Kingdom
583115,POST0040,Product Item 0040,1,2024-12-20 18:48:00,39.57,15818,United Kingdom
583339,POST0034,Product Item 0034,10,2024-08-12 20:23:00,49.57,16138,United Kingdom
583739,POST0040,Product Item 0040,18,2025-10-25 18:44:00,27.9,15823,United Kingdom
585276,POST0027,Product Item 0027,8,2025-06-14 12:47:00,48.18,16042,United Kingdom
588633,POST0013,Product Item 0013,21,2024-05-25 05:06:00,5.17,13906,United Kingdom
587577,POST0045,Product Item 0045,11,2024-08-28 06:16:00,19.23,12760,France
582487,POST0033,Product Item 0033,23,2024-12-09 10:54:00,12.43,15445,United Kingdom
588848,POST0006,Product Item 0006,2,2024-02-04 11:17:00,11.0,12899,United Kingdom
586009,POST0024,Product Item 0024,8,2024-01-01 06:38:00,8.33,16455,United Kingdom
582557,POST0019,Product Item 0019,22,2024-06-01 03:40:00,31.68,14947,United Kingdom
583113,POST0016,Product Item 0016,8,2025-03-04 03:01:00,39.39,13719,United Kingdom
582044,POST0040,Product Item 0040,17,2025-05-22 05:06:00,29.54,12280,United Kingdom
586731,POST0028,Product Item 0028,15,2024-05-05 08:41:00,8.63,15266,United Kingdom
583431,POST0033,Product Item 0033,17,2025-05-05 23:39:00,40.83,13887,United Kingdom
588979,POST0059,Product Item 0059,23,2025-04-26 16:53:00,32.34,15266,France
586734,POST0059,Product Item 0059,24,2024-12-10 00:03:00,20.32,12666,France
582582,POST0048,Product Item 0048,13,2024-08-08 14:22:00,34.19,16188,France
587182,POST0041,Product Item 0041,19,2024-01-25 14:07:00,14.1,12671,United Kingdom
582308,POST0013,Product Item 0013,5,2025-06-11 13:23:00,18.24,13969,United Kingdom
585917,POST0043,Product Item 0043,12,2024-06-30 21:44:00,45.99,16156,United Kingdom
581601,POST0045,Product Item 0045,1,2025-05-13 03:34:00,15.59,15122,United Kingdom
582620,POST0025,Product Item 0025,23,2025-10-02 16:11:00,24.29,17124,United Kingdom
585880,POST0053,Product Item 0053,5,2024-02-11 01:40:00,44.66,17585,United Kingdom
588503,POST0042,Product Item 0042,8,2025-04-25 16:02:00,35.82,16699,United Kingdom
586307,POST0036,Product Item 0036,13,2025-03-14 09:32:00,4.52,16777,Germany
585766,POST0027,Product Item 0027,8,2025-02-05 22:12:00,8.64,15900,United Kingdom
586362,POST0038,Product Item 0038,23,2025-06-29 10:57:00,1.88,17524,United Kingdom
586192,POST0007,Product Item 0007,11,2024-12-10 15:38:00,32.09,12523,United Kingdom
587622,POST0005,Product Item 0005,1,2024-02-14 18:06:00,23.21,14393,United Kingdom
587093,POST0043,Product Item 0043,13,2025-10-07 03:45:00,8.01,15117,United Kingdom
587704,POST0045,Product Item 0045,19,2024-01-21 01:44:00,47.95,14593,United Kingdom
581100,POST0058,Product Item 0058,24,2025-09-25 12:51:00,27.18,13968,United Kingdom
587657,POST0057,Product Item 0057,3,2024-03-10 21:18:00,13.23,17197,United Kingdom
586875,POST0051,Product Item 0051,24,2024-02-17 07:08:00,25.77,13753,United Kingdom
585271,POST0031,Product Item 0031,17,2025-05-05 07:13:00,34.45,17932,United Kingdom
581237,POST0023,Product Item 0023,5,2025-07-04 20:30:00,5.2,14296,United Kingdom
588053,POST0042,Product Item 0042,20,2024-10-13 17:31:00,14.82,17240,France
588226,POST0010,Product Item 0010,21,2024-01-10 11:21:00,40.63,14261,United Kingdom
586218,POST0032,Product Item 0032,8,2025-06-25 22:39:00,23.79,14286,United Kingdom
585025,POST0043,Product Item 0043,14,2024-09-30 09:47:00,28.0,17175,United Kingdom
583918,POST0053,Product Item 0053,4,2025-08-22 18:12:00,22.49,16202,EIRE
587073,POST0030,Product Item 0030,11,2025-01-15 14:25:00,3.63,14878,Germany
583542,POST0039,Product Item 0039,20,2024-11-24 12:25:00,9.54,16143,United Kingdom
588090,POST0031,Product Item 0031,15,2025-04-23 19:50:00,23.1,15644,United Kingdom
583003,POST0018,Product Item 0018,19,2024-01-15 14:23:00,11.64,16432,France
582537,POST0036,Product Item 0036,7,2025-05-30 06:07:00,3.92,17145,United Kingdom
581754,POST0002,Product Item 0002,19,2024-07-09 04:10:00,42.41,17376,United Kingdom
584368,POST0014,Product Item 0014,19,2024-06-16 14:18:00,49.08,14055,United Kingdom
583258,POST0013,Product Item 0013,11,2025-06-04 14:15:00,39.96,16720,Germany
586242,POST0029,Product Item 0029,5,2025-09-12 19:53:00,42.9,17986,United Kingdom
588396,POST0012,Product Item 0012,5,2024-05-16 18:33:00,13.23,13276,United Kingdom
584665,POST0039,Product Item 0039,22,2024-06-02 09:20:00,48.08,17811,United Kingdom
588823,POST0002,Product Item 0002,8,2025-01-22 04:53:00,11.05,14766,United Kingdom
586507,POST0032,Product Item 0032,10,2024-07-27 15:18:00,47.63,12302,United Kingdom
585235,POST0013,Product Item 0013,6,2024-09-28 19:33:00,49.74,12638,Netherlands
581540,POST0046,Product Item 0046,15,2024-05-22 19:15:00,36.01,12055,United Kingdom
586510,POST0027,Product Item 0027,16,2025-09-02 07:12:00,49.08,16821,United Kingdom
581269,POST0049,Product Item 0049,17,2024-03-09 00:58:00,29.12,12525,United Kingdom
588926,POST0041,Product Item 0041,8,2024-09-03 16:08:00,14.09,16569,United Kingdom
586131,POST0017,Product Item 0017,8,2024-09-17 13:55:00,22.69,16123,United Kingdom
586986,POST0040,Product Item 0040,9,2024-03-19 03:18:00,30.28,14125,United Kingdom
584460,POST0031,Product Item 0031,2,2025-10-19 03:34:00,5.04,15287,United Kingdom
584408,POST0034,Product Item 0034,15,2025-09-14 14:57:00,31.68,12364,United Kingdom
581505,POST0024,Product Item 0024,18,2025-08-27 07:51:00,49.08,16621,United Kingdom
582129,POST0045,Product Item 0045,3,2025-06-08 04:06:00,10.72,17431,United Kingdom
583079,POST0035,Product Item 0035,17,2025-09-12 06:21:00,39.93,16978,United Kingdom
584145,POST0048,Product Item 0048,4,2024-11-25 16:30:00,45.52,17126,EIRE
584242,POST0006,Product Item 0006,4,2024-07-07 21:02:00,47.26,17122,United Kingdom
586968,POST0019,Product Item 0019,14,2024-04-04 15:26:00,48.06,13646,Netherlands
586188,POST0030,Product Item 0030,9,2025-09-08 23:10:00,26.79,12918,United Kingdom
585908,POST0007,Product Item 0007,9,2024-01-08 19:51:00,48.89,14797,Spain
581361,POST0010,Product Item 0010,23,2024-03-07 09:19:00,38.22,17870,United Kingdom
584720,POST0041,Product Item 0041,18,2025-05-10 17:54:00,9.34,13531,United Kingdom
582456,POST0032,Product Item 0032,10,2024-07-09 11:28:00,24.62,15345,United Kingdom
586024,POST0034,Product Item 0034,21,2024-12-31 06:19:00,36.33,13906,United Kingdom
585067,POST0028,Product Item 0028,4,2025-06-04 07:53:00,13.49,15086,United Kingdom
585195,POST0015,Product Item 0015,12,2024-04-26 18:23:00,32.56,17311,United Kingdom
582681,POST0030,Product Item 0030,8,2024-09-23 11:36:00,33.82,17750,United Kingdom
587152,POST0037,Product Item 0037,2,2025-09-02 23:10:00,9.39,16580,United Kingdom
588741,POST0029,Product Item 0029,22,2025-04-29 15:10:00,28.9,14075,United Kingdom
587840,POST0022,Product Item 0022,13,2025-05-23 15:59:00,38.92,12713,United Kingdom
582052,POST0004,Product Item 0004,21,2024-10-24 07:57:00,25.69,13062,United Kingdom
588281,POST0020,Product Item 0020,16,2024-06-12 16:43:00,2.09,13976,Germany
583509,POST0032,Product Item 0032,2,2025-01-10 15:25:00,1.94,13296,Germany
586016,POST0036,Product Item 0036,11,2025-10-14 11:46:00,18.81,17350,United Kingdom
588310,POST0050,Product Item 0050,10,2024-09-24 20:37:00,46.41,12125,United Kingdom
587533,POST0004,Product Item 0004,15,2025-07-02 23:12:00,12.59,16632,United Kingdom
585727,POST0027,Product Item 0027,17,2024-03-14 14:13:00,32.26,15596,United Kingdom
581681,POST0017,Product Item 0017,8,2025-05-22 18:57:00,12.27,15283,United Kingdom
587300,POST0012,Product Item 0012,18,2024-03-13 16:56:00,17.1,13603,United Kingdom
587478,POST0022,Product Item 0022,23,2024-11-03 12:33:00,42.62,12066,United Kingdom
584932,POST0017,Product Item 0017,9,2024-07-17 08:22:00,36.84,12232,United Kingdom
587403,POST0010,Product Item 0010,8,2024-05-09 13:36:00,6.13,14156,United Kingdom
583129,POST0054,Product Item 0054,14,2025-07-25 09:47:00,22.29,13169,Germany
585849,POST0001,Product Item 0001,18,2025-09-06 22:14:00,2.91,14158,United Kingdom
586560,POST0022,Product Item 0022,22,2025-05-01 11:47:00,24.82,16206,United Kingdom
585016,POST0026,Product Item 0026,20,2024-05-30 17:47:00,33.62,13493,United Kingdom
588339,POST0056,Product Item 0056,20,2025-10-30 23:58:00,7.25,16718,Germany
584302,POST0059,Product Item 0059,21,2024-07-24 21:09:00,15.51,16007,United Kingdom
581719,POST0018,Product Item 0018,12,2024-06-27 18:27:00,20.79,14472,United Kingdom
581074,POST0050,Product Item 0050,19,2024-07-15 03:26:00,46.09,14660,United Kingdom
582293,POST0014,Product Item 0014,14,2024-03-29 02:30:00,49.66,17637,EIRE
582922,POST0047,Product Item 0047,17,2025-03-09 11:07:00,3.68,14739,United Kingdom
587769,POST0029,Product Item 0029,24,2024-07-01 08:47:00,38.4,17401,EIRE
585157,POST0012,Product Item 0012,21,2024-07-27 02:44:00,19.52,13761,United Kingdom
585969,POST0036,Product Item 0036,3,2025-05-07 15:16:00,20.53,15514,United Kingdom
581319,POST0059,Product Item 0059,23,2024-05-09 19:28:00,38.07,13975,United Kingdom
583149,POST0035,Product Item 0035,7,2025-10-26 16:49:00,46.03,14362,United Kingdom
582452,POST0052,Product Item 0052,17,2024-01-13 00:36:00,47.61,12876,United Kingdom
585969,POST0012,Product Item 0012,12,2025-09-25 05:32:00,29.48,15812,United Kingdom
586841,POST0007,Product Item 0007,9,2024-04-15 06:42:00,18.82,15448,United Kingdom
588097,POST0029,Product Item 0029,15,2025-01-09 06:53:00,39.69,13312,Spain
587398,POST0011,Product Item 0011,18,2025-08-04 00:44:00,13.67,13460,United Kingdom
582555,POST0033,Product Item 0033,21,2025-11-28 23:45:00,28.85,14709,United Kingdom
587713,POST0006,Product Item 0006,13,2024-04-08 03:25:00,18.89,14324,United Kingdom
585207,POST0047,Product Item 0047,21,2025-08-16 01:01:00,33.34,13733,United Kingdom
584032,POST0015,Product Item 0015,8,2025-08-09 06:59:00,13.16,13605,United Kingdom
588480,POST0032,Product Item 0032,14,2024-07-10 14:27:00,10.79,17622,United Kingdom
588141,POST0051,Product Item 0051,8,2024-11-20 13:39:00,46.03,14563,EIRE
581460,POST0011,Product Item 0011,14,2025-04-11 00:18:00,6.44,15421,United Kingdom
587851,POST0058,Product Item 0058,7,2025-01-01 06:04:00,26.03,15517,United Kingdom
581886,POST0023,Product Item 0023,23,2024-11-13 22:03:00,12.21,14397,United Kingdom
584533,POST0026,Product Item 0026,12,2024-05-23 17:10:00,3.39,17726,United Kingdom
584936,POST0034,Product Item 0034,11,2025-01-18 07:07:00,3.25,15735,United Kingdom
582115,POST0046,Product Item 0046,22,2024-08-03 19:00:00,10.0,14870,Germany
582075,POST0034,Product Item 0034,22,2024-12-26 09:39:00,43.53,13160,United Kingdom
584876,POST0029,Product Item 0029,11,2024-11-19 09:05:00,15.2,16854,United Kingdom
585615,POST0004,Product Item 0004,22,2024-01-15 05:24:00,47.59,12242,United Kingdom
585907,POST0017,Product Item 0017,13,2024-08-04 00:54:00,29.7,14590,United Kingdom
588265,POST0035,Product Item 0035,18,2025-05-06 12:57:00,22.67,13063,United Kingdom
587379,POST0013,Product Item 0013,2,2025-06-30 16:31:00,29.63,16324,United Kingdom
582924,POST0041,Product Item 0041,21,2024-07-01 00:41:00,26.55,14595,United Kingdom
588541,POST0039,Product Item 0039,15,2024-09-26 22:00:00,38.29,12919,United Kingdom
586700,POST0015,Product Item 0015,20,2025-04-11 03:50:00,15.2,17342,United Kingdom
581926,POST0055,Product Item 0055,18,2025-09-03 07:32:00,18.62,12005,United Kingdom
585652,POST0029,Product Item 0029,15,2025-06-02 06:33:00,44.85,12467,United Kingdom
587792,POST0029,Product Item 0029,19,2025-06-25 23:01:00,47.39,17851,United Kingdom
583281,POST0011,Product Item 0011,23,2025-04-11 19:11:00,44.78,16170,United Kingdom
